Income,Kidhome,Teenhome,Recency,MntWines,MntFruits,MntMeatProducts,MntFishProducts,MntSweetProducts,MntGoldProds,NumDealsPurchases,NumWebPurchases,NumCatalogPurchases,NumStorePurchases,NumWebVisitsMonth,AcceptedCmp3,AcceptedCmp4,AcceptedCmp5,AcceptedCmp1,AcceptedCmp2,Complain,Response,Age,Customer_Tenure_Days,Total_Children,Is_Parent,Total_Spent,Avg_Purchase_Value,Total_Purchases,Total_Accepted_Campaigns,Campaign_Acceptance_Rate,Education_Level,Is_Married
58138.0,0,0,58,635,88,546,172,88,88,3,8,10,4,7,0,0,0,0,0,0,1,58,663,0,0,1617,70.30434782608695,25,0,0.0,3,0
46344.0,1,1,38,11,1,6,2,1,6,2,1,1,2,5,0,0,0,0,0,0,0,61,113,2,1,27,5.4,6,0,0.0,3,0
71613.0,0,0,26,426,49,127,111,21,42,1,8,2,10,4,0,0,0,0,0,0,0,50,312,0,0,776,36.95238095238095,21,0,0.0,3,1
26646.0,1,0,26,11,4,20,10,3,5,2,2,0,4,6,0,0,0,0,0,0,0,31,139,1,1,53,7.571428571428571,8,0,0.0,3,1
58293.0,1,0,94,173,43,118,46,27,15,5,5,3,6,5,0,0,0,0,0,0,0,34,161,1,1,422,28.133333333333333,19,0,0.0,5,1
62513.0,0,1,16,520,42,98,0,42,14,2,6,4,10,6,0,0,0,0,0,0,0,48,293,1,1,716,34.095238095238095,22,0,0.0,4,1
55635.0,0,1,34,235,65,164,50,49,27,4,7,3,7,6,0,0,0,0,0,0,0,44,593,1,1,590,32.77777777777778,21,0,0.0,3,0
33454.0,1,0,32,76,10,56,3,1,23,2,4,0,4,8,0,0,0,0,0,0,0,30,417,1,1,169,18.77777777777778,10,0,0.0,5,1
30351.0,1,0,19,14,0,24,3,3,2,1,3,0,2,9,0,0,0,0,0,0,1,41,388,1,1,46,7.666666666666667,6,0,0.0,5,1
5648.0,1,1,68,28,0,6,1,1,13,1,1,0,0,20,1,0,0,0,0,0,0,65,108,2,1,49,24.5,2,1,0.2,5,1
51381.5,1,0,11,5,5,6,0,2,1,1,1,0,2,7,0,0,0,0,0,0,0,32,226,1,1,19,4.75,4,0,0.0,3,1
7500.0,0,0,59,6,16,11,11,1,16,1,2,0,3,8,0,0,0,0,0,0,0,39,593,0,0,61,10.166666666666666,6,0,0.0,1,1
63033.0,0,0,82,194,61,480,225,112,30,1,3,4,8,2,0,0,0,0,0,0,0,56,226,0,0,1102,68.875,16,0,0.0,3,0
59354.0,1,1,53,233,2,53,3,5,14,3,6,1,5,6,0,0,0,0,0,0,0,63,226,2,1,310,23.846153846153847,15,0,0.0,4,0
17323.0,0,0,38,3,14,17,6,1,5,1,1,0,3,8,0,0,0,0,0,0,0,28,627,0,0,46,9.2,5,0,0.0,3,1
82800.0,0,0,23,1006,22,115,59,68,45,1,7,6,12,3,0,0,1,1,0,0,1,69,582,0,0,1315,50.57692307692308,26,2,0.4,5,0
41850.0,1,1,51,53,5,19,2,13,4,3,3,0,3,8,0,0,0,0,0,0,0,35,552,2,1,96,13.714285714285714,9,0,0.0,3,1
37760.0,0,0,20,84,5,38,150,12,28,2,4,1,6,7,0,0,0,0,0,0,0,69,667,0,0,317,26.416666666666668,13,0,0.0,3,1
76995.0,0,1,91,1012,80,498,0,16,176,2,11,4,9,5,0,0,0,1,0,0,0,66,458,1,1,1782,71.28,26,1,0.2,4,1
33812.0,1,0,86,4,17,19,30,24,39,2,2,1,3,6,0,0,0,0,0,0,0,30,603,1,1,133,19.0,8,0,0.0,2,0
37040.0,0,0,41,86,2,73,69,38,48,1,4,2,5,8,0,0,0,0,0,0,0,33,690,0,0,316,26.333333333333332,12,0,0.0,3,1
2447.0,1,0,42,1,1,1725,1,1,1,15,0,28,0,1,0,0,0,0,0,0,0,36,539,1,1,1730,59.6551724137931,43,0,0.0,3,1
58607.0,0,1,63,867,0,86,0,0,19,3,2,3,9,8,0,1,0,0,0,0,0,66,553,1,1,972,64.8,17,1,0.2,5,1
65324.0,0,1,0,384,0,102,21,32,5,3,6,2,9,4,0,0,0,0,0,0,0,61,169,1,1,544,30.22222222222222,20,0,0.0,5,1
40689.0,0,1,69,270,3,27,39,6,99,7,7,1,5,8,0,0,0,0,0,0,0,64,468,1,1,444,31.714285714285715,20,0,0.0,3,1
18589.0,0,0,89,6,4,25,15,12,13,2,2,1,3,7,0,0,0,0,0,0,0,46,543,0,0,75,10.714285714285714,8,0,0.0,3,0
53359.0,1,1,4,173,4,30,3,6,41,4,5,1,4,7,0,0,0,0,0,0,0,39,398,2,1,257,23.363636363636363,14,0,0.0,3,1
51381.5,1,0,19,5,1,3,3,263,362,0,27,0,0,1,0,0,0,0,0,0,0,29,494,1,1,637,22.75,27,0,0.0,3,0
38360.0,1,0,26,36,2,42,20,21,10,2,2,1,4,3,0,0,0,0,0,0,0,26,394,1,1,131,16.375,9,0,0.0,3,1
84618.0,0,0,96,684,100,801,21,66,0,1,6,9,10,2,0,0,1,0,0,0,0,50,219,0,0,1672,64.3076923076923,26,1,0.2,5,1
10979.0,0,0,34,8,4,10,2,2,4,2,3,0,3,5,0,0,0,0,0,0,0,26,38,0,0,30,4.285714285714286,8,0,0.0,4,0
38620.0,0,0,56,112,17,44,34,22,89,1,2,5,3,3,0,0,0,0,0,0,0,52,414,0,0,318,28.90909090909091,11,0,0.0,4,1
40548.0,0,1,31,110,0,5,2,0,3,2,2,1,4,5,0,1,0,0,0,0,0,45,627,1,1,120,15.0,9,1,0.2,3,1
46610.0,0,2,8,96,12,96,33,22,43,6,4,1,6,6,0,0,0,0,0,0,1,63,608,2,1,302,25.166666666666668,17,0,0.0,5,0
68657.0,0,0,4,482,34,471,119,68,22,1,3,5,9,7,0,0,0,0,0,0,0,69,494,0,0,1196,66.44444444444444,18,0,0.0,4,1
49389.0,1,1,55,40,0,19,2,1,3,1,2,0,3,7,0,0,0,0,0,0,0,64,304,2,1,65,10.833333333333334,6,0,0.0,4,0
67353.0,0,1,37,702,17,151,0,8,35,5,5,6,12,2,0,0,0,0,0,0,0,45,180,1,1,913,38.041666666666664,28,0,0.0,5,1
23718.0,1,0,76,6,3,14,15,7,36,3,3,1,2,7,0,0,0,0,0,0,0,39,300,1,1,81,11.571428571428571,9,0,0.0,2,1
42429.0,0,1,99,55,0,6,2,0,4,2,1,1,3,5,0,0,0,0,0,0,0,42,138,1,1,67,11.166666666666666,7,0,0.0,3,0
48948.0,0,0,53,437,8,206,160,49,42,2,7,10,5,6,1,0,0,0,0,0,1,72,513,0,0,902,39.21739130434783,24,1,0.2,5,0
80011.0,0,1,3,421,76,536,82,178,102,2,8,6,5,4,0,0,0,0,0,0,0,35,426,1,1,1395,69.75,21,0,0.0,3,1
20559.0,1,0,88,13,1,29,3,0,7,2,2,0,3,8,0,0,0,0,0,0,0,30,474,1,1,53,8.833333333333334,7,0,0.0,4,1
21994.0,0,1,4,9,0,6,3,1,3,1,0,0,3,5,0,0,0,0,0,0,0,58,552,1,1,22,5.5,4,0,0.0,3,1
51381.5,0,0,80,81,11,50,3,2,39,1,1,3,4,2,0,0,0,0,0,0,0,56,236,0,0,186,20.666666666666668,9,0,0.0,5,0
7500.0,1,0,19,3,1,10,3,2,12,3,2,0,3,5,0,0,0,0,0,0,0,40,270,1,1,31,5.166666666666667,8,0,0.0,4,1
79941.0,0,0,72,123,164,266,227,30,174,1,2,4,9,1,0,0,0,0,0,0,0,39,1,0,0,984,61.5,16,0,0.0,3,0
7500.0,0,0,24,3,18,14,15,22,50,3,3,1,3,9,0,0,0,0,0,0,1,19,597,0,0,122,15.25,10,0,0.0,2,1
41728.0,1,0,92,13,6,15,3,5,13,1,2,0,2,10,0,0,0,0,0,0,0,47,401,1,1,55,11.0,5,0,0.0,3,1
51381.5,2,1,96,48,5,48,6,10,7,3,2,1,4,6,0,0,0,0,0,0,0,64,179,3,1,124,15.5,10,0,0.0,3,0
72550.0,1,1,39,826,50,317,50,38,38,9,5,2,12,8,0,0,0,0,0,0,0,61,598,2,1,1319,65.95,28,0,0.0,5,1
65486.0,0,1,29,245,19,125,37,67,14,1,4,2,10,2,0,0,0,0,0,0,0,58,48,1,1,507,29.823529411764707,17,0,0.0,3,0
79143.0,0,0,2,650,37,780,27,167,32,1,6,9,13,3,0,0,0,0,0,0,0,51,687,0,0,1693,58.37931034482759,29,0,0.0,4,1
35790.0,1,0,54,12,6,20,30,1,3,2,2,0,3,7,0,0,0,0,0,0,0,38,543,1,1,72,12.0,7,0,0.0,3,0
82582.0,0,0,54,510,120,550,156,40,241,1,4,9,7,1,1,0,0,1,0,0,1,38,22,0,0,1617,77.0,21,2,0.4,3,0
66373.0,1,1,57,328,9,124,12,24,109,7,4,2,10,3,0,0,0,0,0,0,0,37,382,2,1,606,35.64705882352941,23,0,0.0,3,1
82384.0,0,0,55,984,51,432,180,120,190,1,3,10,13,1,0,0,1,0,0,0,1,60,587,0,0,1957,72.48148148148148,27,1,0.2,4,1
70287.0,0,0,30,295,35,482,121,120,40,1,5,5,10,3,0,0,0,0,0,0,1,49,453,0,0,1093,52.04761904761905,21,0,0.0,3,0
27938.0,1,0,31,13,0,8,2,1,5,1,1,0,4,3,0,0,0,0,0,0,0,27,62,1,1,29,4.833333333333333,6,0,0.0,3,0
51381.5,1,0,57,11,3,22,2,2,6,2,2,0,3,6,0,0,0,0,0,0,0,33,377,1,1,46,7.666666666666667,7,0,0.0,3,0
55954.0,0,1,63,447,0,28,0,0,43,3,8,2,6,7,0,0,0,0,0,0,0,47,118,1,1,518,30.470588235294116,19,0,0.0,5,1
75777.0,0,0,12,712,26,538,69,13,80,1,3,6,11,1,0,1,1,0,0,0,1,33,360,0,0,1438,68.47619047619048,21,2,0.4,4,0
66653.0,1,1,18,452,18,102,16,18,6,4,4,2,12,3,0,0,0,0,0,0,0,40,660,2,1,612,32.21052631578947,22,0,0.0,3,1
61823.0,0,1,26,523,7,134,37,14,169,4,8,2,10,7,0,0,0,0,0,0,0,63,496,1,1,884,42.095238095238095,24,0,0.0,3,0
67680.0,0,1,8,546,0,48,0,6,6,1,7,3,8,5,0,0,0,0,0,0,0,64,383,1,1,606,31.894736842105264,19,0,0.0,5,0
70666.0,0,0,29,398,40,367,119,122,30,1,7,4,4,4,0,0,0,0,0,0,0,67,205,0,0,1076,67.25,16,0,0.0,3,1
25721.0,1,0,75,1,3,6,3,6,15,1,1,1,2,7,0,0,0,0,0,0,1,44,404,1,1,34,6.8,5,0,0.0,3,1
32474.0,1,1,0,10,0,1,0,0,0,1,1,0,2,7,0,0,0,0,0,0,0,48,49,2,1,11,2.75,4,0,0.0,3,1
88194.0,0,1,19,688,14,309,201,24,38,1,11,10,10,5,1,0,0,1,0,0,1,36,102,1,1,1274,39.8125,32,2,0.4,2,0
69096.0,0,1,4,247,49,159,7,82,109,1,5,2,10,4,0,0,0,0,0,0,0,57,275,1,1,653,36.27777777777778,18,0,0.0,3,1
74854.0,1,2,90,856,59,487,58,29,73,7,2,5,5,5,0,0,0,0,0,0,0,45,447,3,1,1562,120.15384615384616,19,0,0.0,3,1
66991.0,0,0,1,496,36,460,189,60,12,3,4,8,6,3,0,0,0,0,0,0,0,61,656,0,0,1253,65.94736842105263,21,0,0.0,4,1
51381.5,1,0,25,25,3,43,17,4,17,3,3,0,3,8,0,0,0,0,0,0,0,42,653,1,1,109,15.571428571428571,9,0,0.0,2,1
65031.0,0,1,29,258,107,291,84,37,86,4,10,3,13,7,0,0,0,0,0,0,0,56,469,1,1,863,31.962962962962962,30,0,0.0,3,1
60631.0,1,1,88,565,6,65,0,6,19,5,9,2,8,7,0,1,0,0,0,0,0,40,450,2,1,661,33.05,24,1,0.2,5,1
28332.0,0,0,58,14,10,13,4,15,9,1,2,1,4,2,0,0,0,0,0,0,0,63,60,0,0,65,8.125,8,0,0.0,3,1
40246.0,1,0,68,2,1,6,2,1,1,1,1,0,2,6,0,0,0,0,0,0,0,38,557,1,1,13,3.25,4,0,0.0,3,0
75251.0,0,0,34,721,111,925,97,18,18,1,7,6,5,5,0,0,0,0,0,0,1,43,671,0,0,1890,99.47368421052632,19,0,0.0,4,1
75825.0,0,0,40,1032,105,779,137,105,51,0,5,8,9,4,1,0,0,0,0,0,1,39,625,0,0,2209,96.04347826086956,22,1,0.2,3,0
26326.0,0,0,12,1,0,5,0,3,9,1,0,0,3,3,0,0,0,0,0,1,0,39,298,0,0,18,4.5,4,0,0.0,2,1
56046.0,0,0,9,577,0,64,0,0,51,2,10,1,8,8,1,0,0,0,0,0,1,50,543,0,0,692,34.6,21,1,0.2,3,1
29760.0,1,0,87,64,4,68,7,5,17,4,3,1,4,8,0,0,0,0,0,0,0,30,669,1,1,165,18.333333333333332,12,0,0.0,3,0
26304.0,1,0,5,4,1,5,2,0,4,1,1,0,2,7,0,0,0,0,0,0,0,46,371,1,1,16,4.0,4,0,0.0,3,1
23559.0,1,0,87,25,5,19,7,0,23,3,3,0,3,7,0,0,0,0,0,0,0,42,361,1,1,79,11.285714285714286,9,0,0.0,2,1
38620.0,0,0,56,112,17,44,34,22,89,1,2,5,3,3,0,0,0,0,0,0,0,52,414,0,0,318,28.90909090909091,11,0,0.0,4,1
81361.0,0,0,18,163,23,424,27,65,76,1,3,10,13,1,0,0,0,0,0,0,0,28,124,0,0,778,28.814814814814813,27,0,0.0,3,0
29440.0,1,1,95,17,8,14,10,4,3,2,1,0,4,7,0,0,0,0,0,0,0,55,322,2,1,56,9.333333333333334,7,0,0.0,3,1
36138.0,1,1,48,130,0,16,0,0,5,5,3,1,4,7,0,1,0,0,0,0,0,45,348,2,1,151,16.77777777777778,13,1,0.2,4,1
50388.0,0,1,3,292,6,37,0,3,34,4,6,1,6,7,0,1,0,1,0,0,1,58,32,1,1,372,26.571428571428573,17,2,0.4,3,0
79593.0,0,0,70,350,60,568,110,133,145,1,5,6,7,2,0,0,1,0,0,0,0,42,48,0,0,1366,71.89473684210526,19,1,0.2,3,1
54178.0,0,1,79,135,9,39,4,0,7,1,2,2,5,2,0,0,0,0,0,0,0,48,159,1,1,194,19.4,10,0,0.0,3,1
51381.5,2,1,4,230,42,192,49,37,53,12,7,2,8,9,0,0,0,0,0,0,0,58,587,3,1,603,33.5,29,0,0.0,5,1
51381.5,1,1,45,7,0,8,2,0,1,1,1,0,2,7,0,0,0,0,0,0,0,58,33,2,1,18,4.5,4,0,0.0,3,0
51381.5,0,0,87,445,37,359,98,28,18,1,2,4,8,1,0,0,0,0,0,0,0,42,218,0,0,985,65.66666666666667,15,0,0.0,4,1
42394.0,1,0,69,15,2,10,0,1,4,1,1,0,3,7,0,0,0,0,0,0,0,43,98,1,1,32,6.4,5,0,0.0,4,0
23626.0,1,0,84,27,2,14,0,0,0,3,3,1,3,5,0,0,0,0,0,0,0,45,36,1,1,43,5.375,10,0,0.0,5,1
30096.0,1,0,30,5,3,11,12,5,9,1,2,0,3,6,0,0,0,0,0,0,0,32,38,1,1,45,7.5,6,0,0.0,3,1
47916.0,0,1,72,505,0,26,0,0,75,5,7,4,6,6,0,1,0,0,0,0,0,55,584,1,1,606,33.666666666666664,22,1,0.2,3,0
51813.0,1,1,37,51,2,7,0,1,2,2,2,0,3,7,0,0,0,0,0,0,0,43,444,2,1,63,10.5,7,0,0.0,3,0
78497.0,0,0,44,207,26,447,75,0,223,1,5,7,12,2,0,0,0,1,0,0,0,64,210,0,0,978,39.12,25,1,0.2,2,1
50150.0,0,0,32,135,46,92,65,61,11,2,5,2,7,5,0,0,0,0,0,0,0,32,374,0,0,410,27.333333333333332,16,0,0.0,5,1
47823.0,0,1,0,53,1,5,2,1,10,2,2,0,3,8,0,0,0,0,0,0,0,55,341,1,1,72,12.0,7,0,0.0,2,0
34554.0,0,1,43,41,1,6,2,0,5,2,2,0,3,6,0,0,0,0,0,0,0,56,91,1,1,55,9.166666666666666,7,0,0.0,5,0
85693.0,0,1,59,386,172,183,185,132,111,2,9,5,11,5,0,0,0,0,0,0,0,36,435,1,1,1169,44.96153846153846,27,0,0.0,3,1
65846.0,0,0,68,562,81,276,80,40,81,1,6,3,6,4,0,0,0,0,0,0,0,70,408,0,0,1120,70.0,16,0,0.0,5,1
87195.0,0,0,35,217,76,690,50,26,38,1,3,11,5,1,0,0,0,0,0,0,1,56,52,0,0,1097,54.85,20,0,0.0,3,1
24594.0,1,0,94,1,3,6,10,0,9,1,1,0,3,5,0,0,0,0,0,0,0,36,201,1,1,29,5.8,5,0,0.0,1,1
49096.0,1,1,15,144,1,32,2,1,7,4,4,1,4,7,0,0,0,0,0,0,0,51,278,2,1,187,18.7,13,0,0.0,3,1
52413.0,0,2,56,295,106,271,75,98,65,4,6,4,12,6,0,0,0,0,0,0,0,46,512,2,1,910,39.56521739130435,26,0,0.0,3,1
38557.0,1,0,17,76,3,31,4,4,27,2,3,1,3,7,0,0,0,0,0,0,0,37,557,1,1,145,18.125,9,0,0.0,3,0
89058.0,0,0,18,454,194,106,31,22,43,1,5,4,4,2,0,0,0,0,0,0,0,55,569,0,0,850,60.714285714285715,14,0,0.0,4,1
77298.0,0,1,46,425,115,292,23,35,79,1,6,6,11,3,0,0,0,0,0,0,0,36,239,1,1,969,40.375,24,0,0.0,3,1
68126.0,0,0,40,1332,17,311,23,51,86,1,7,4,5,9,0,1,0,0,0,0,1,24,596,0,0,1820,107.05882352941177,17,1,0.2,5,0
57288.0,0,1,27,527,0,21,0,0,60,3,8,1,8,6,0,1,0,0,0,0,0,52,4,1,1,608,33.77777777777778,20,1,0.2,4,1
86037.0,0,0,95,490,44,125,29,20,22,1,6,7,11,3,0,1,1,0,0,0,1,24,543,0,0,730,29.2,25,2,0.4,3,0
43974.0,1,0,19,378,0,101,0,0,72,5,6,4,6,7,0,0,0,0,0,0,0,35,564,1,1,551,32.411764705882355,21,0,0.0,5,1
50785.0,1,1,27,64,1,21,0,1,27,2,2,1,3,6,0,0,0,0,0,0,0,53,292,2,1,114,16.285714285714285,8,0,0.0,3,0
90765.0,0,0,25,547,99,812,151,82,33,0,4,6,5,1,0,0,1,1,0,0,0,45,156,0,0,1724,107.75,15,2,0.4,3,1
36550.0,1,0,74,47,90,94,123,103,120,5,9,1,5,9,0,0,0,0,0,0,0,37,495,1,1,577,36.0625,20,0,0.0,2,1
30753.0,1,1,85,12,5,25,0,9,30,2,1,1,3,5,0,0,0,0,0,0,0,48,353,2,1,81,13.5,7,0,0.0,2,1
21918.0,1,0,37,1,6,7,11,5,3,2,2,0,3,6,0,0,0,0,0,0,0,46,227,1,1,33,5.5,7,0,0.0,3,1
56129.0,0,1,65,320,48,133,39,72,48,4,6,2,10,4,0,0,0,0,0,0,0,62,374,1,1,660,34.73684210526316,22,0,0.0,4,1
32557.0,1,0,13,34,3,29,0,4,10,3,2,1,3,5,0,0,0,0,0,0,1,48,125,1,1,80,11.428571428571429,9,0,0.0,4,0
19510.0,2,0,63,9,0,7,3,4,7,2,1,0,3,7,0,0,0,0,0,0,0,30,298,2,1,30,6.0,6,0,0.0,4,1
30992.0,1,0,83,17,0,14,7,3,2,1,1,0,3,7,0,0,0,0,0,0,0,39,433,1,1,43,8.6,5,0,0.0,3,0
94437.68000000001,0,0,69,722,27,102,44,72,168,0,6,8,13,2,0,1,1,1,0,0,1,32,474,0,0,1135,40.535714285714285,27,3,0.6,3,0
71488.0,0,0,87,162,33,124,40,28,172,2,3,4,7,1,0,0,0,0,0,0,0,50,496,0,0,559,37.266666666666666,16,0,0.0,2,1
79607.0,0,0,37,450,133,951,173,0,216,1,3,6,6,1,0,0,0,0,0,0,1,31,434,0,0,1923,120.1875,16,0,0.0,3,0
54348.0,1,1,51,70,0,16,0,0,4,2,2,0,4,6,0,0,0,0,0,0,0,62,21,2,1,90,12.857142857142858,8,0,0.0,4,1
51381.5,0,1,23,352,0,27,10,0,15,3,6,1,7,6,0,0,0,0,0,0,0,54,353,1,1,404,26.933333333333334,17,0,0.0,5,1
77376.0,1,1,72,492,19,110,16,12,12,4,6,3,10,4,0,0,0,0,0,0,0,59,50,2,1,661,33.05,23,0,0.0,5,1
62998.0,0,1,10,120,58,73,65,89,58,5,5,4,5,5,0,0,0,0,0,0,0,63,272,1,1,463,30.866666666666667,19,0,0.0,3,1
61331.0,1,1,42,534,5,47,0,5,41,5,11,1,6,8,0,0,0,0,0,0,0,57,476,2,1,632,33.26315789473684,23,0,0.0,4,0
73448.0,0,0,10,236,106,189,23,41,130,1,7,2,9,4,0,0,0,0,0,0,0,46,139,0,0,725,38.1578947368421,19,0,0.0,3,1
51381.5,0,1,96,231,65,196,38,71,124,1,6,5,7,4,0,0,0,0,0,0,0,52,322,1,1,725,38.1578947368421,19,0,0.0,3,1
41551.0,1,1,51,220,0,33,3,0,23,5,5,1,5,8,0,0,0,0,0,0,0,51,319,2,1,279,23.25,16,0,0.0,5,1
62981.0,0,0,21,796,14,590,38,44,0,1,4,5,13,3,0,1,0,0,0,0,0,48,469,0,0,1482,64.43478260869566,23,1,0.2,5,1
9548.0,1,0,31,0,1,3,10,6,9,2,1,0,3,8,0,0,0,0,0,0,0,39,690,1,1,29,5.8,6,0,0.0,1,0
33762.0,2,1,61,53,1,34,2,0,16,3,2,2,2,8,0,0,0,0,0,0,0,56,357,3,1,106,15.142857142857142,9,0,0.0,5,1
35860.0,1,1,37,15,0,8,4,2,20,2,1,1,2,5,1,0,0,0,0,0,1,42,41,2,1,49,9.8,6,1,0.2,5,0
36921.0,1,1,74,17,1,12,3,1,4,2,2,0,3,7,0,0,0,0,0,0,0,50,336,2,1,38,6.333333333333333,7,0,0.0,5,0
92859.0,0,0,46,962,61,921,52,61,20,1,5,4,12,2,0,0,0,0,0,0,0,23,618,0,0,2077,94.4090909090909,22,0,0.0,4,0
65104.0,0,1,4,738,0,232,13,20,50,2,3,5,7,7,0,0,0,0,0,0,1,39,227,1,1,1053,65.8125,17,0,0.0,4,1
86111.0,0,0,73,399,28,756,36,40,126,1,5,7,10,2,0,0,0,0,0,0,0,53,436,0,0,1385,60.21739130434783,23,0,0.0,3,1
68352.0,0,1,47,614,16,132,43,33,33,3,8,5,9,6,0,0,0,0,0,0,0,41,305,1,1,871,37.869565217391305,25,0,0.0,5,0
41883.0,1,0,13,32,34,41,73,16,116,3,4,2,3,7,0,0,0,0,0,0,0,27,467,1,1,312,31.2,12,0,0.0,3,1
59809.0,0,2,36,598,16,141,32,41,49,3,3,3,6,8,0,0,0,0,0,0,0,39,619,2,1,877,67.46153846153847,15,0,0.0,3,1
23957.0,1,0,47,2,1,18,20,11,16,1,2,0,3,6,0,0,0,0,0,0,1,40,609,1,1,68,11.333333333333334,6,0,0.0,3,1
38547.0,1,0,49,6,1,10,0,1,4,1,1,0,2,8,0,0,0,0,0,1,0,34,305,1,1,22,5.5,4,0,0.0,3,1
35688.0,2,1,94,73,3,90,12,1,32,7,4,1,4,8,0,0,0,0,0,0,0,42,676,3,1,211,21.1,16,0,0.0,2,1
49605.0,0,0,65,42,16,29,12,20,8,1,2,1,4,3,0,0,0,0,0,0,0,49,8,0,0,127,15.875,8,0,0.0,4,1
59354.0,0,2,59,295,21,78,39,13,13,1,4,4,7,3,0,0,0,0,0,0,0,62,66,2,1,459,28.6875,16,0,0.0,4,1
65747.0,0,1,96,346,17,48,23,13,13,4,8,1,6,6,0,1,0,0,0,0,0,46,114,1,1,460,28.75,19,1,0.2,3,1
46344.0,0,1,28,233,20,57,8,20,91,4,7,1,5,7,0,0,0,0,0,0,0,43,562,1,1,429,30.642857142857142,17,0,0.0,2,1
34176.0,1,0,12,5,7,24,19,14,20,4,3,0,4,6,0,0,0,0,0,0,0,27,48,1,1,89,11.125,11,0,0.0,3,0
61010.0,0,1,57,888,0,57,0,0,76,2,8,5,11,5,0,0,0,0,0,0,0,63,628,1,1,1021,40.84,26,0,0.0,5,1
69372.0,0,0,10,997,26,269,34,13,42,1,10,4,6,4,0,1,1,0,0,0,1,66,495,0,0,1381,65.76190476190476,21,2,0.4,3,1
49967.0,0,1,4,212,6,69,4,12,3,3,6,1,5,7,0,0,0,0,0,0,0,57,356,1,1,306,23.53846153846154,15,0,0.0,3,0
60199.0,1,2,49,8,1,7,2,0,0,1,0,0,3,4,0,0,0,0,0,0,0,37,290,3,1,18,4.5,4,0,0.0,3,0
55375.0,0,1,3,42,11,57,10,28,14,1,1,1,6,2,0,0,0,0,0,0,0,38,255,1,1,162,18.0,9,0,0.0,3,1
80317.0,0,0,64,536,11,387,149,91,57,1,3,4,10,1,0,0,0,0,0,0,0,60,313,0,0,1231,68.38888888888889,18,0,0.0,3,0
30523.0,2,1,0,5,0,3,0,0,5,1,1,0,2,7,0,0,0,0,0,0,0,57,363,3,1,13,3.25,4,0,0.0,4,0
70356.0,0,0,20,1349,16,249,43,16,33,2,10,6,9,6,0,0,0,0,0,0,0,70,601,0,0,1706,65.61538461538461,27,0,0.0,5,1
23228.0,1,0,91,53,3,49,7,4,5,4,3,0,4,8,0,0,0,0,0,0,0,31,175,1,1,121,15.125,11,0,0.0,3,1
74165.0,0,0,9,1001,12,240,16,12,12,1,5,4,10,2,0,0,0,0,0,0,0,40,424,0,0,1293,64.65,20,0,0.0,5,0
94437.68000000001,0,1,98,20,2,1582,1,2,1,15,0,22,0,0,0,0,0,0,0,0,0,42,120,1,1,1608,69.91304347826087,37,0,0.0,5,1
43482.0,2,1,83,18,1,32,6,3,28,3,2,0,4,6,0,0,0,0,0,0,0,49,228,3,1,88,12.571428571428571,9,0,0.0,3,1
62551.0,0,0,27,125,16,98,134,21,27,1,6,7,4,3,1,0,0,0,0,0,0,62,223,0,0,421,23.38888888888889,18,1,0.2,3,0
52332.0,0,0,63,212,5,33,7,0,2,1,3,2,6,4,0,1,0,0,0,0,0,56,305,0,0,259,21.583333333333332,12,1,0.2,3,0
66951.0,0,0,46,277,162,305,173,76,124,1,3,4,7,1,0,0,0,0,0,0,0,27,239,0,0,1117,74.46666666666667,15,0,0.0,3,0
26091.0,1,1,84,15,10,19,8,17,20,3,2,1,3,5,0,0,0,0,0,0,0,58,124,2,1,89,12.714285714285714,9,0,0.0,3,1
33456.0,1,1,58,7,3,10,8,1,7,2,1,0,3,7,0,0,0,0,0,0,0,50,69,2,1,36,7.2,6,0,0.0,3,1
28718.0,1,0,78,12,4,6,11,8,16,2,2,0,3,8,0,0,0,0,0,0,0,33,351,1,1,57,9.5,7,0,0.0,3,1
50447.0,2,0,4,85,7,24,2,3,27,1,3,1,3,6,0,0,0,0,0,0,0,45,69,2,1,148,18.5,8,0,0.0,3,1
53537.0,1,1,17,81,0,6,0,0,6,2,2,1,3,5,0,0,0,0,0,0,0,56,150,2,1,93,13.285714285714286,8,0,0.0,5,1
52074.0,0,1,77,59,0,12,0,0,48,1,2,2,2,4,1,0,0,0,0,0,0,48,86,1,1,119,17.0,7,1,0.2,3,0
80427.0,0,1,56,1149,71,449,69,71,26,1,11,8,8,5,0,0,0,0,0,0,0,40,655,1,1,1835,65.53571428571429,28,0,0.0,5,1
83837.0,0,0,79,847,66,119,86,89,111,1,9,10,5,4,0,1,0,1,0,0,1,67,560,0,0,1318,52.72,25,2,0.4,5,1
38853.0,1,1,90,29,0,14,0,0,2,2,2,0,3,7,0,0,0,0,0,0,0,45,37,2,1,45,7.5,7,0,0.0,5,1
38285.0,2,1,96,2,0,5,2,0,1,1,0,0,3,2,0,0,0,0,0,0,0,56,5,3,1,10,2.5,4,0,0.0,3,1
78497.0,0,0,44,207,26,447,75,0,223,1,5,7,12,2,0,0,0,1,0,0,0,64,210,0,0,978,39.12,25,1,0.2,2,1
51650.0,0,1,81,152,3,22,2,5,7,1,4,1,4,5,0,0,0,0,0,0,0,39,49,1,1,191,19.1,10,0,0.0,5,1
16248.0,1,0,77,12,11,10,3,12,9,3,2,1,3,6,0,0,0,0,0,0,0,27,50,1,1,57,8.142857142857142,9,0,0.0,2,1
66835.0,0,0,21,620,26,195,34,17,141,1,6,4,13,2,0,0,0,0,0,0,0,69,274,0,0,1033,43.041666666666664,24,0,0.0,4,1
30477.0,1,0,16,47,1,6,0,0,12,1,1,1,3,6,0,0,0,0,0,0,0,31,158,1,1,66,11.0,6,0,0.0,4,1
28249.0,0,0,80,1,9,7,2,14,10,1,2,0,3,6,0,0,0,0,0,0,0,54,14,0,0,43,7.166666666666667,6,0,0.0,1,1
25271.0,1,0,45,10,1,18,10,4,7,1,1,1,2,9,0,0,0,0,0,0,0,32,571,1,1,50,10.0,5,0,0.0,3,1
32303.0,0,1,63,35,0,2,0,0,2,2,1,0,4,5,0,0,0,0,0,0,0,45,113,1,1,39,6.5,7,0,0.0,5,0
61286.0,0,1,34,356,0,107,19,9,117,2,7,1,8,5,0,0,0,0,0,0,0,49,331,1,1,608,35.76470588235294,18,0,0.0,3,1
74068.0,0,0,14,783,30,537,140,76,15,1,4,10,9,2,0,0,0,0,0,0,0,39,467,0,0,1581,65.875,24,0,0.0,3,1
45759.0,1,1,13,42,1,18,3,0,4,2,2,0,3,7,0,0,0,0,0,0,0,51,491,2,1,68,11.333333333333334,7,0,0.0,5,1
24882.0,1,0,52,1,4,10,29,0,36,1,1,1,2,6,1,0,0,0,0,0,0,37,658,1,1,80,16.0,5,1,0.2,1,1
66973.0,0,0,98,466,22,432,147,113,102,1,8,7,12,3,0,0,0,0,0,0,0,26,408,0,0,1282,45.785714285714285,28,0,0.0,5,1
38872.0,1,0,93,23,3,21,3,19,22,2,3,0,3,8,0,0,0,0,0,0,0,27,395,1,1,91,13.0,8,0,0.0,3,1
51148.0,1,1,38,235,6,45,8,9,12,4,5,1,6,6,0,0,0,0,0,0,0,42,496,2,1,315,24.23076923076923,16,0,0.0,3,1
31353.0,1,1,24,10,0,10,3,1,7,2,1,1,2,8,0,0,0,0,0,0,0,38,182,2,1,31,6.2,6,0,0.0,3,1
69661.0,0,0,80,656,16,106,32,16,8,1,7,3,12,3,0,0,0,0,0,0,0,35,47,0,0,834,36.26086956521739,23,0,0.0,4,1
80067.0,0,0,82,519,17,813,27,173,51,1,4,6,6,2,0,0,1,0,0,0,0,61,283,0,0,1600,94.11764705882354,17,1,0.2,3,1
86718.0,0,0,20,344,189,482,50,33,172,1,5,6,5,2,0,0,0,0,0,0,0,61,528,0,0,1270,74.70588235294117,17,0,0.0,3,1
46854.0,1,1,81,96,1,79,7,1,79,6,5,1,3,8,1,0,0,0,0,0,1,42,90,2,1,263,26.3,15,1,0.2,5,0
69142.0,0,1,50,448,4,34,6,4,39,3,8,1,7,5,0,1,0,0,0,0,0,63,0,1,1,535,31.470588235294116,19,1,0.2,3,0
75922.0,0,0,60,265,138,553,224,23,92,1,4,4,9,1,0,0,0,0,0,0,0,47,202,0,0,1295,71.94444444444444,18,0,0.0,3,0
63693.0,0,1,63,587,43,337,42,87,54,3,11,6,9,6,0,0,0,0,0,0,0,37,258,1,1,1150,42.592592592592595,29,0,0.0,3,0
94437.68000000001,0,0,54,763,29,138,76,176,58,0,7,9,10,4,0,1,1,1,0,0,1,38,604,0,0,1240,45.925925925925924,26,3,0.6,5,1
40637.0,1,1,72,22,0,13,0,0,3,2,1,0,3,7,0,0,0,0,0,0,0,50,347,2,1,38,7.6,6,0,0.0,5,0
18890.0,0,0,5,6,4,1,7,2,15,1,0,1,2,6,1,0,0,0,0,0,1,31,596,0,0,35,8.75,4,1,0.2,4,0
29604.0,1,0,88,7,6,13,7,6,14,1,1,0,3,9,1,0,0,0,0,0,0,27,203,1,1,53,10.6,5,1,0.2,3,1
48721.0,1,1,50,81,18,113,47,13,21,6,4,2,5,6,0,0,0,0,0,0,0,52,412,2,1,293,24.416666666666668,17,0,0.0,4,0
44794.0,0,1,99,54,0,7,0,0,4,1,2,0,3,6,0,0,0,0,0,0,0,49,21,1,1,65,10.833333333333334,6,0,0.0,3,1
64497.0,0,1,17,1170,48,320,42,32,192,5,11,4,9,8,1,0,0,0,0,0,1,61,657,1,1,1804,72.16,29,1,0.2,3,0
46097.0,0,1,11,72,24,68,65,4,8,5,3,1,6,4,0,0,0,0,0,0,0,59,455,1,1,241,21.90909090909091,15,0,0.0,3,1
77972.0,0,0,18,613,22,319,33,102,12,1,4,6,9,1,0,0,0,0,0,0,0,61,103,0,0,1101,55.05,20,0,0.0,3,1
44377.0,1,1,70,224,0,30,0,0,10,8,5,1,5,8,0,0,0,0,0,0,0,47,632,2,1,264,22.0,19,0,0.0,5,1
46014.0,1,1,21,410,0,59,19,9,44,10,7,1,8,7,0,0,0,0,0,0,0,41,524,2,1,541,31.823529411764707,26,0,0.0,4,1
70951.0,0,0,66,239,10,554,254,87,54,1,3,4,9,1,0,0,0,0,0,0,0,30,421,0,0,1198,70.47058823529412,17,0,0.0,3,1
41443.0,1,0,79,171,7,171,25,19,89,6,8,1,5,8,0,0,0,0,0,0,0,38,89,1,1,482,32.13333333333333,20,0,0.0,3,1
52195.0,2,1,2,12,0,4,0,0,1,1,1,0,2,8,0,0,0,0,0,0,0,37,48,3,1,17,4.25,4,0,0.0,2,0
83790.0,0,0,81,1076,16,417,42,48,16,1,8,10,6,3,0,1,1,0,0,0,0,67,226,0,0,1615,64.6,25,2,0.4,4,1
44551.0,0,1,24,182,4,33,0,0,66,2,4,1,5,7,0,0,0,0,0,0,0,61,302,1,1,285,25.90909090909091,12,0,0.0,4,0
69508.0,1,0,48,824,32,162,42,32,43,2,11,4,11,6,0,0,0,0,0,0,0,35,592,1,1,1135,42.03703703703704,28,0,0.0,3,1
45204.0,1,0,93,30,11,25,29,1,18,1,1,1,4,3,0,0,0,0,0,0,0,27,79,1,1,114,16.285714285714285,7,0,0.0,2,1
72460.0,0,0,56,377,10,540,80,30,10,1,3,5,7,1,0,0,0,0,0,0,0,46,227,0,0,1047,65.4375,16,0,0.0,3,1
77622.0,0,2,3,520,7,154,19,0,14,2,6,3,11,3,0,0,0,0,0,0,0,45,76,2,1,714,34.0,22,0,0.0,5,1
30732.0,1,0,44,155,1,25,0,1,3,4,4,1,4,8,0,0,0,0,0,0,0,35,540,1,1,185,18.5,13,0,0.0,5,1
63887.0,0,1,38,897,23,207,15,11,92,5,9,6,12,6,0,0,0,0,0,0,0,53,659,1,1,1245,44.464285714285715,32,0,0.0,3,0
42011.0,1,0,46,131,0,16,2,1,39,4,3,1,4,8,0,0,0,0,0,0,0,37,460,1,1,189,21.0,12,0,0.0,3,1
51369.0,0,1,84,297,7,79,0,11,182,2,8,2,4,8,0,0,0,0,0,0,0,39,612,1,1,576,38.4,16,0,0.0,3,1
51537.0,0,1,27,787,20,204,0,0,92,3,2,2,11,8,0,0,0,0,0,0,0,63,567,1,1,1103,68.9375,18,0,0.0,3,0
79930.0,0,0,72,792,86,740,67,51,17,1,3,5,8,2,0,0,0,0,0,0,0,43,690,0,0,1753,103.11764705882354,17,0,0.0,5,1
34320.0,1,0,66,4,1,9,3,0,0,1,1,0,2,8,0,0,0,0,0,0,0,29,133,1,1,17,4.25,4,0,0.0,5,1
37070.0,1,1,30,231,7,137,4,15,39,9,5,1,8,7,0,0,0,0,0,0,1,49,466,2,1,433,28.866666666666667,23,0,0.0,3,0
81975.0,0,1,2,983,76,184,180,138,27,1,6,3,4,7,0,0,1,0,0,0,0,53,540,1,1,1588,113.42857142857143,14,1,0.2,2,0
38590.0,1,0,65,3,1,8,4,3,3,1,1,0,2,8,0,0,0,0,0,0,0,44,410,1,1,22,5.5,4,0,0.0,3,1
15033.0,0,0,37,0,4,5,6,0,4,1,1,0,3,3,0,0,0,0,0,0,0,64,74,0,0,19,3.8,5,0,0.0,3,0
62745.0,0,1,89,562,21,464,28,10,32,3,7,8,11,5,0,0,0,0,0,0,0,50,463,1,1,1117,41.370370370370374,29,0,0.0,5,1
22212.0,1,0,49,5,9,20,6,8,21,2,2,0,4,6,0,0,0,0,0,0,0,40,202,1,1,69,9.857142857142858,8,0,0.0,2,1
23661.0,1,0,46,18,0,4,0,0,1,1,1,0,3,7,0,0,0,0,0,0,0,33,207,1,1,23,4.6,5,0,0.0,4,1
79761.0,0,1,32,415,5,124,15,35,11,1,5,2,11,3,0,0,0,0,0,0,0,57,268,1,1,605,31.842105263157894,19,0,0.0,5,0
7500.0,1,0,54,5,3,10,12,7,20,4,3,1,3,7,0,0,0,0,0,0,0,42,185,1,1,57,7.125,11,0,0.0,3,0
73455.0,0,0,98,901,61,757,186,163,20,1,6,5,10,3,0,1,0,0,0,0,0,47,244,0,0,2088,94.9090909090909,22,1,0.2,3,0
64961.0,0,1,97,382,114,276,75,124,38,2,6,4,4,3,0,0,0,0,0,0,0,57,553,1,1,1009,67.26666666666667,16,0,0.0,3,1
22804.0,1,0,75,14,1,7,2,1,1,1,2,0,2,9,0,0,0,0,0,0,0,44,333,1,1,26,5.2,5,0,0.0,3,0
73687.0,0,0,8,559,153,503,218,13,181,1,3,9,9,2,0,0,0,1,0,0,1,25,213,0,0,1627,73.95454545454545,22,1,0.2,3,1
61074.0,0,1,37,789,0,133,0,28,152,7,11,5,8,7,0,0,0,0,0,0,0,57,681,1,1,1102,44.08,31,0,0.0,3,1
31686.0,1,1,31,11,0,5,0,0,1,2,1,0,3,6,0,0,0,0,0,0,0,51,24,2,1,17,3.4,6,0,0.0,5,1
80134.0,1,0,40,1218,16,272,104,0,80,2,5,3,6,6,0,1,1,1,0,0,1,43,405,1,1,1690,112.66666666666667,16,3,0.6,3,1
75027.0,0,1,74,925,64,179,133,12,77,2,9,4,6,5,0,0,0,0,0,0,0,62,536,1,1,1390,69.5,21,0,0.0,3,1
67546.0,0,0,90,864,134,768,150,38,172,1,4,10,5,3,0,0,0,0,0,0,0,27,667,0,0,2126,106.3,20,0,0.0,5,1
65176.0,0,1,57,960,28,183,220,70,70,4,9,6,6,6,0,0,0,0,0,0,0,46,608,1,1,1531,69.5909090909091,25,0,0.0,4,1
31160.0,1,0,59,16,3,25,6,1,13,2,2,0,3,8,0,0,0,0,0,0,0,40,286,1,1,64,10.666666666666666,7,0,0.0,4,0
29938.0,1,0,52,3,3,7,0,2,11,2,1,0,3,6,0,0,0,0,0,0,0,30,245,1,1,26,5.2,6,0,0.0,3,0
94437.68000000001,0,0,5,168,148,444,32,172,148,1,6,9,13,2,0,1,1,1,1,0,1,41,450,0,0,1112,38.3448275862069,29,4,0.8,3,0
26490.0,0,0,92,45,47,52,21,20,25,2,3,1,5,6,0,0,0,0,0,0,0,57,645,0,0,210,21.0,11,0,0.0,2,1
75702.0,1,1,77,650,28,353,45,42,30,5,4,6,11,8,0,0,0,0,0,0,0,48,669,2,1,1148,52.18181818181818,26,0,0.0,3,1
30899.0,1,0,35,24,0,8,0,0,1,2,1,0,3,6,0,0,0,0,0,0,0,41,624,1,1,33,6.6,6,0,0.0,5,0
63342.0,0,1,48,918,21,118,13,10,21,3,8,3,5,6,0,1,0,0,0,0,0,54,621,1,1,1101,64.76470588235294,19,1,0.2,5,1
45989.0,0,1,97,138,33,87,28,24,12,4,3,2,7,3,0,0,0,0,0,0,0,51,615,1,1,322,24.76923076923077,16,0,0.0,3,0
18701.0,1,1,95,12,4,2,10,6,10,4,2,0,4,5,0,0,0,0,0,0,0,51,390,2,1,44,6.285714285714286,10,0,0.0,3,0
40737.0,2,1,24,11,0,4,0,0,2,1,1,0,2,8,0,0,0,0,0,0,0,58,203,3,1,17,4.25,4,0,0.0,5,0
15287.0,1,0,60,1,2,8,4,3,13,2,1,1,2,7,1,0,0,0,0,0,1,36,627,1,1,31,6.2,6,1,0.2,3,0
69674.0,0,2,46,554,41,215,11,0,24,3,10,2,10,5,0,0,0,0,0,0,0,47,403,2,1,845,36.73913043478261,25,0,0.0,5,0
44159.0,1,0,85,167,2,62,24,13,7,4,4,1,6,5,0,0,0,0,0,0,0,45,12,1,1,275,22.916666666666668,15,0,0.0,4,1
37717.0,1,0,31,9,0,6,4,1,5,1,1,0,2,9,0,0,0,0,0,0,0,37,583,1,1,25,6.25,4,0,0.0,5,1
43776.0,1,1,9,177,2,71,3,2,20,6,5,2,4,8,0,0,0,0,0,0,1,63,511,2,1,275,22.916666666666668,17,0,0.0,4,1
38179.0,1,1,30,38,4,22,4,2,20,4,3,1,3,7,0,0,0,0,0,0,0,49,472,2,1,90,11.25,11,0,0.0,4,1
80124.0,0,0,47,483,84,398,205,84,241,1,3,7,8,1,1,0,0,0,0,0,0,52,3,0,0,1495,78.6842105263158,19,1,0.2,3,1
38097.0,1,1,70,77,2,35,0,1,69,4,3,2,2,7,1,0,0,0,0,0,1,45,622,2,1,184,23.0,11,1,0.2,5,1
72940.0,0,0,13,182,74,298,162,149,116,1,3,3,6,1,0,0,0,0,0,0,0,45,375,0,0,981,75.46153846153847,13,0,0.0,3,1
22070.0,1,0,11,10,7,19,8,2,21,2,2,2,2,6,0,0,0,0,0,0,0,45,268,1,1,67,9.571428571428571,8,0,0.0,3,1
69267.0,0,0,31,778,44,499,95,73,146,2,3,4,5,7,0,0,0,0,0,0,1,62,645,0,0,1635,125.76923076923077,14,0,0.0,3,0
31788.0,1,0,15,16,7,23,0,8,6,3,3,0,4,5,0,0,0,0,0,1,0,32,101,1,1,60,7.5,10,0,0.0,4,0
61905.0,0,1,2,167,0,43,6,2,13,2,4,2,4,5,0,0,0,0,0,0,0,40,145,1,1,231,21.0,12,0,0.0,5,1
29315.0,1,1,55,13,2,14,8,7,4,4,2,0,4,6,0,0,0,0,0,0,0,55,84,2,1,48,6.857142857142857,10,0,0.0,3,1
33378.0,1,1,38,33,6,40,3,7,10,3,2,0,4,7,0,0,0,0,0,0,0,52,508,2,1,99,14.142857142857142,9,0,0.0,3,0
66313.0,0,1,86,625,7,99,10,22,7,2,6,3,12,4,0,0,0,0,0,0,0,52,286,1,1,770,35.0,23,0,0.0,5,1
60714.0,0,0,56,216,162,224,101,92,162,2,7,4,10,5,0,0,0,0,0,0,1,59,528,0,0,957,43.5,23,0,0.0,3,0
77882.0,0,0,29,68,129,396,188,22,15,1,3,3,5,1,0,0,0,0,0,0,0,34,60,0,0,818,68.16666666666667,12,0,0.0,4,1
69867.0,0,0,30,196,0,512,33,130,54,1,3,5,8,1,0,0,0,1,0,0,1,29,453,0,0,925,54.411764705882355,17,1,0.2,5,0
63841.0,0,1,64,635,15,100,20,7,131,1,9,3,9,6,0,0,0,0,0,0,0,47,434,1,1,908,41.27272727272727,22,0,0.0,4,0
24480.0,1,0,46,4,19,9,28,25,17,3,3,0,4,7,0,0,0,0,0,0,0,34,503,1,1,102,12.75,10,0,0.0,1,1
51369.0,0,1,84,297,7,79,0,11,182,2,8,2,4,8,0,0,0,0,0,0,0,39,612,1,1,576,38.4,16,0,0.0,3,1
37760.0,0,0,20,84,5,38,150,12,28,2,4,1,6,7,0,0,0,0,0,0,0,69,667,0,0,317,26.416666666666668,13,0,0.0,3,1
65640.0,0,1,74,204,7,149,20,15,66,1,5,1,8,2,0,0,0,0,0,0,0,41,120,1,1,461,30.733333333333334,15,0,0.0,5,1
44319.0,1,1,18,26,0,8,0,0,3,2,2,0,3,5,0,0,0,0,0,0,0,40,73,2,1,37,6.166666666666667,7,0,0.0,4,1
30631.0,1,0,75,15,6,20,4,5,20,1,3,1,2,7,0,0,0,0,0,0,0,41,352,1,1,70,10.0,7,0,0.0,3,1
75278.0,0,0,17,304,98,230,150,74,74,1,6,3,13,3,0,0,0,0,0,0,0,63,516,0,0,930,40.43478260869565,23,0,0.0,3,1
50898.0,1,1,88,285,28,242,55,114,135,13,6,2,12,5,0,0,0,0,0,0,0,59,537,2,1,859,40.904761904761905,33,0,0.0,4,1
79946.0,0,0,19,395,183,565,166,141,28,1,5,11,5,3,0,0,0,0,0,0,0,49,48,0,0,1478,67.18181818181819,22,0,0.0,3,0
35416.0,0,0,62,248,3,81,4,3,51,3,7,1,5,8,0,0,0,0,0,0,0,66,381,0,0,390,27.857142857142858,16,0,0.0,4,0
32414.0,0,0,11,20,6,5,0,9,12,1,1,0,3,7,1,0,0,0,0,0,0,31,360,0,0,52,10.4,5,1,0.2,2,1
38361.0,1,0,74,39,0,56,20,8,14,3,3,1,3,7,0,0,0,0,0,0,0,46,184,1,1,137,17.125,10,0,0.0,3,1
82497.0,0,0,32,777,129,573,216,21,203,1,2,7,9,4,0,0,1,0,0,0,0,35,606,0,0,1919,101.0,19,1,0.2,3,1
16626.0,2,0,76,8,3,22,21,1,13,3,3,0,3,9,0,0,0,0,0,0,0,44,165,2,1,68,9.714285714285714,9,0,0.0,3,1
29672.0,1,1,6,9,1,3,0,4,8,1,0,0,3,6,0,0,0,0,0,0,0,50,474,2,1,25,6.25,4,0,0.0,3,1
55951.0,0,1,62,1241,0,80,0,13,40,3,3,6,11,8,0,1,0,0,1,0,0,63,675,1,1,1374,65.42857142857143,23,2,0.4,4,1
35388.0,1,0,20,6,4,7,4,3,8,1,1,0,3,7,0,0,0,0,0,0,0,27,479,1,1,32,6.4,5,0,0.0,2,0
42386.0,1,0,43,65,4,16,0,4,11,1,3,0,3,8,0,0,0,0,0,0,0,29,532,1,1,100,14.285714285714286,7,0,0.0,4,1
68627.0,0,0,45,395,15,263,60,54,38,1,2,3,6,1,0,0,0,0,0,0,0,33,533,0,0,825,68.75,12,0,0.0,3,0
57912.0,0,1,34,801,0,80,0,0,35,5,8,3,12,5,0,1,0,0,0,0,0,50,104,1,1,916,38.166666666666664,28,1,0.2,5,0
35246.0,1,1,53,36,0,12,2,2,10,4,3,1,3,5,0,0,0,0,0,0,0,57,74,2,1,62,7.75,11,0,0.0,3,0
58821.0,0,1,44,513,14,154,19,0,28,1,9,2,9,6,0,0,0,0,0,0,0,59,260,1,1,728,34.666666666666664,21,0,0.0,2,1
46377.0,1,0,89,37,0,46,4,3,0,1,2,1,3,4,0,0,0,0,0,0,0,37,120,1,1,90,12.857142857142858,7,0,0.0,5,1
39747.0,1,0,43,80,15,93,20,13,52,3,5,1,4,8,0,0,0,0,0,0,0,27,77,1,1,273,24.818181818181817,13,0,0.0,3,0
23976.0,1,0,68,14,1,21,2,3,25,3,3,1,3,7,0,0,0,0,0,0,0,31,184,1,1,66,8.25,10,0,0.0,3,1
80950.0,0,0,44,525,147,112,219,147,63,1,6,7,9,2,0,0,0,1,0,0,0,54,458,0,0,1213,52.73913043478261,23,1,0.2,4,1
27038.0,0,0,64,1,26,25,17,23,15,1,3,0,3,9,0,0,0,0,0,0,1,49,649,0,0,107,15.285714285714286,7,0,0.0,3,0
77457.0,0,0,85,675,11,400,15,45,11,1,2,5,10,1,0,0,1,0,0,0,0,68,116,0,0,1157,64.27777777777777,18,1,0.2,3,0
64100.0,0,1,93,509,0,27,0,0,10,1,8,3,6,7,0,1,0,0,0,0,0,51,292,1,1,546,30.333333333333332,18,1,0.2,4,1
42670.0,0,0,12,154,2,46,20,4,15,1,4,2,4,4,0,0,0,0,0,0,0,23,428,0,0,241,21.90909090909091,11,0,0.0,4,1
12571.0,1,0,86,3,5,14,2,12,17,4,3,1,3,6,0,0,0,0,0,0,0,39,162,1,1,53,6.625,11,0,0.0,3,0
22574.0,2,1,28,25,0,8,2,0,2,2,2,0,3,7,0,0,0,0,0,0,0,48,244,3,1,37,6.166666666666667,7,0,0.0,3,1
51381.5,0,0,69,861,138,461,60,30,61,1,6,5,12,3,0,1,0,1,0,0,0,26,391,0,0,1611,67.125,24,2,0.4,3,1
70893.0,0,0,42,768,44,561,77,44,14,1,6,6,10,3,0,0,0,0,0,0,0,39,508,0,0,1508,65.56521739130434,23,0,0.0,4,0
54198.0,1,1,13,185,0,28,3,2,17,6,3,1,6,4,0,0,0,0,0,0,0,49,194,2,1,235,21.363636363636363,16,0,0.0,3,1
28839.0,1,1,86,24,0,7,0,0,1,2,2,0,3,5,0,0,0,0,0,0,0,59,110,2,1,32,5.333333333333333,7,0,0.0,4,1
40321.0,1,1,59,44,4,21,6,0,27,2,3,0,3,7,0,0,0,0,0,0,0,43,335,2,1,102,14.571428571428571,8,0,0.0,3,1
66503.0,1,0,30,91,64,128,65,3,50,2,4,3,6,3,0,0,0,0,0,0,0,30,684,1,1,401,28.642857142857142,15,0,0.0,3,0
30833.0,1,1,33,11,0,7,3,1,6,2,1,0,3,5,0,0,0,0,0,0,0,64,348,2,1,28,5.6,6,0,0.0,3,1
51381.5,1,2,67,738,20,172,52,50,20,6,2,3,10,7,0,1,0,1,0,0,0,45,310,3,1,1052,65.75,21,2,0.4,3,0
64795.0,0,1,23,412,5,119,38,29,77,3,3,3,12,2,0,0,0,0,0,0,0,44,528,1,1,680,35.78947368421053,21,0,0.0,3,1
34421.0,1,0,81,3,3,7,6,2,9,1,1,0,2,7,0,0,0,0,0,0,0,41,363,1,1,30,7.5,4,0,0.0,3,1
47025.0,1,1,6,16,0,3,0,0,1,1,1,0,2,7,0,0,0,0,0,0,0,50,140,2,1,20,5.0,4,0,0.0,5,0
64325.0,0,1,41,731,60,353,78,12,73,5,10,3,5,7,0,0,0,0,0,0,0,54,507,1,1,1307,68.78947368421052,23,0,0.0,5,0
40464.0,0,1,78,424,17,118,7,23,41,6,8,2,8,8,0,0,0,0,0,0,0,62,534,1,1,630,33.1578947368421,24,0,0.0,3,0
62187.0,0,0,49,792,0,275,45,45,126,1,4,8,5,3,0,0,0,0,0,0,0,58,359,0,0,1283,71.27777777777777,18,0,0.0,3,1
14849.0,1,0,39,21,2,28,3,2,9,3,2,0,4,8,0,0,0,0,0,0,0,39,362,1,1,65,9.285714285714286,9,0,0.0,5,0
27255.0,1,0,3,22,1,11,0,1,2,1,1,0,3,7,0,0,0,0,0,0,0,31,234,1,1,37,7.4,5,0,0.0,3,1
54432.0,2,1,37,33,0,5,0,0,0,1,1,0,3,4,0,0,0,0,0,0,0,65,416,3,1,38,7.6,5,0,0.0,5,1
29999.0,1,0,22,68,7,59,10,5,11,4,3,1,4,8,0,0,0,0,0,0,0,29,501,1,1,160,17.77777777777778,12,0,0.0,5,0
24072.0,1,0,79,9,1,6,3,0,4,1,1,0,2,8,0,0,0,0,0,0,0,32,439,1,1,23,5.75,4,0,0.0,3,0
33996.0,0,0,46,40,2,15,8,0,6,1,1,1,3,4,0,0,0,0,0,0,0,26,291,0,0,71,11.833333333333334,6,0,0.0,5,0
66334.0,0,1,82,909,11,218,0,0,23,2,9,3,5,5,0,0,0,0,0,0,1,59,452,1,1,1161,64.5,19,0,0.0,5,1
35178.0,1,0,10,23,1,13,2,2,18,1,1,1,2,7,1,0,0,0,0,0,1,44,535,1,1,59,11.8,5,1,0.2,4,1
22010.0,1,0,51,11,2,9,3,0,8,2,2,0,3,8,0,0,0,0,0,0,0,32,364,1,1,33,5.5,7,0,0.0,3,1
62204.0,0,2,38,317,46,247,151,46,139,1,4,5,12,3,0,0,0,0,0,0,0,55,655,2,1,946,43.0,22,0,0.0,3,0
75693.0,0,0,10,797,153,293,72,97,30,1,11,4,6,4,0,1,1,1,0,0,1,47,570,0,0,1442,65.54545454545455,22,3,0.6,3,0
30675.0,1,0,14,10,2,16,11,2,21,1,1,0,3,8,0,0,0,0,0,0,0,43,594,1,1,62,12.4,5,0,0.0,3,1
83003.0,0,0,18,856,61,570,40,25,122,1,7,6,8,3,0,0,1,0,0,0,1,50,483,0,0,1674,76.0909090909091,22,1,0.2,3,1
68655.0,0,0,95,456,19,832,75,118,38,1,4,5,11,3,0,0,0,0,0,0,0,27,688,0,0,1538,73.23809523809524,21,0,0.0,3,0
41411.0,0,0,11,37,32,38,11,3,18,1,2,1,4,6,0,0,0,0,0,0,0,29,204,0,0,139,17.375,8,0,0.0,3,0
55212.0,0,1,65,1103,0,45,0,0,34,3,4,2,11,8,0,1,0,0,1,0,0,46,583,1,1,1182,65.66666666666667,20,2,0.4,5,1
59292.0,0,1,71,378,14,68,19,14,14,2,3,5,8,3,0,0,0,0,0,0,0,65,381,1,1,507,29.823529411764707,18,0,0.0,5,1
27190.0,1,0,13,1,6,7,0,1,3,1,1,0,2,8,1,0,0,0,0,0,1,42,318,1,1,18,4.5,4,1,0.2,1,1
82623.0,0,0,58,204,34,204,172,153,173,1,2,9,4,1,0,0,0,0,0,0,0,63,231,0,0,940,58.75,16,0,0.0,3,0
44300.0,1,1,65,30,0,9,0,0,3,2,1,0,3,6,0,0,0,0,0,0,0,50,371,2,1,42,8.4,6,0,0.0,3,1
84835.0,0,0,0,189,104,379,111,189,218,1,4,4,6,1,0,0,0,0,0,0,1,45,13,0,0,1190,79.33333333333333,15,0,0.0,3,0
30372.0,1,1,33,15,0,12,7,3,7,3,2,0,3,7,0,0,0,0,0,0,0,44,551,2,1,44,7.333333333333333,8,0,0.0,3,0
33181.0,1,0,90,9,0,3,0,0,4,1,1,0,2,6,1,0,0,0,0,0,0,39,177,1,1,16,4.0,4,1,0.2,4,1
71113.0,0,1,95,495,33,255,11,33,8,4,6,7,9,4,0,0,0,0,0,0,0,58,194,1,1,835,36.30434782608695,26,0,0.0,3,1
71952.0,1,0,93,656,80,455,52,107,93,2,8,4,8,4,1,0,1,0,0,0,0,29,535,1,1,1443,68.71428571428571,22,2,0.4,3,1
69759.0,0,0,38,452,20,514,13,30,0,3,4,6,5,3,0,0,0,0,0,0,1,49,244,0,0,1029,64.3125,18,0,0.0,5,0
72099.0,0,0,18,546,91,410,119,0,22,1,3,4,10,1,0,0,0,0,0,0,0,41,610,0,0,1188,66.0,18,0,0.0,3,1
60000.0,0,1,57,1048,0,217,0,0,12,5,11,3,5,6,0,0,0,0,0,0,0,39,554,1,1,1277,63.85,24,0,0.0,5,0
38643.0,1,1,45,22,2,14,0,1,10,2,2,0,3,7,0,0,0,0,0,1,0,37,212,2,1,49,8.166666666666666,7,0,0.0,3,0
50737.0,0,1,61,78,0,11,0,0,10,1,2,0,4,6,0,1,0,0,0,0,0,60,414,1,1,99,14.142857142857142,7,1,0.2,3,1
68462.0,0,0,6,561,64,785,84,128,48,1,3,3,8,1,0,0,0,0,0,0,0,46,564,0,0,1670,111.33333333333333,15,0,0.0,5,1
65073.0,0,0,65,629,17,177,69,0,8,1,5,3,5,2,0,0,0,0,0,1,0,72,313,0,0,900,64.28571428571429,14,0,0.0,4,1
46681.0,0,2,52,269,15,69,15,19,38,2,4,6,4,5,0,0,0,0,0,0,0,67,264,2,1,425,28.333333333333332,16,0,0.0,5,1
78618.0,0,0,87,736,163,818,212,163,61,1,4,7,10,2,0,1,0,0,0,0,0,58,639,0,0,2153,97.86363636363636,22,1,0.2,3,1
62187.0,0,1,38,512,0,83,0,0,41,3,6,2,10,4,0,0,0,0,0,0,0,46,99,1,1,636,33.473684210526315,21,0,0.0,5,0
28442.0,2,0,53,19,3,10,11,8,6,3,2,1,4,4,0,0,0,0,0,0,0,37,125,2,1,57,7.125,10,0,0.0,3,1
37717.0,1,0,31,9,0,6,4,1,5,1,1,0,2,9,0,0,0,0,0,0,0,37,583,1,1,25,6.25,4,0,0.0,5,1
51479.0,1,1,67,247,8,160,6,8,65,7,6,3,6,7,0,0,0,0,0,0,0,48,548,2,1,494,30.875,22,0,0.0,3,1
54803.0,0,1,65,404,0,92,28,27,142,2,6,2,9,4,0,0,0,0,0,0,0,46,677,1,1,693,38.5,19,0,0.0,3,0
79530.0,0,0,64,333,0,815,129,42,29,1,4,10,11,2,0,0,0,0,0,0,0,55,408,0,0,1348,51.84615384615385,26,0,0.0,3,1
31615.0,1,0,82,2,3,20,6,11,9,2,2,0,3,7,0,0,0,0,0,0,0,39,470,1,1,51,8.5,7,0,0.0,3,0
72025.0,0,0,27,833,33,549,151,133,233,1,4,3,8,3,0,0,0,0,0,0,0,53,589,0,0,1932,120.75,16,0,0.0,3,1
52614.0,0,1,63,789,0,142,12,9,38,2,2,4,8,8,0,0,0,0,0,0,0,40,575,1,1,990,66.0,16,0,0.0,5,0
35684.0,1,0,66,10,4,7,0,6,3,1,1,0,3,6,0,0,0,0,0,0,0,31,68,1,1,30,6.0,5,0,0.0,2,1
48178.0,1,1,69,159,4,45,6,2,38,6,5,1,4,8,0,0,0,0,0,0,0,40,609,2,1,254,23.09090909090909,16,0,0.0,3,1
29548.0,1,0,52,7,1,6,3,1,11,1,1,1,2,4,1,0,0,0,0,0,0,45,304,1,1,29,5.8,5,1,0.2,4,0
63810.0,0,1,45,977,12,253,16,12,101,4,4,3,12,8,0,1,0,0,0,0,0,49,595,1,1,1371,68.55,23,1,0.2,3,0
38578.0,1,1,2,38,4,22,3,3,3,3,3,0,3,8,0,0,0,0,0,0,1,43,372,2,1,73,10.428571428571429,9,0,0.0,5,0
46098.0,1,1,86,57,0,27,0,0,36,4,3,2,2,8,0,0,0,0,0,0,0,40,680,2,1,120,15.0,11,0,0.0,4,0
22585.0,0,0,23,3,9,15,13,2,39,1,1,1,2,9,1,0,0,0,0,0,1,45,468,0,0,81,16.2,5,1,0.2,3,0
30279.0,1,0,13,10,4,14,4,4,1,1,1,0,3,8,0,0,0,0,0,0,0,26,546,1,1,37,7.4,5,0,0.0,3,0
66426.0,0,1,14,1043,24,97,32,24,157,2,3,5,10,6,0,0,0,0,0,0,0,54,270,1,1,1377,72.47368421052632,20,0,0.0,5,1
30822.0,1,0,92,3,9,13,2,12,12,1,1,0,3,7,0,0,0,0,0,0,0,46,380,1,1,51,10.2,5,0,0.0,3,0
33581.0,2,0,38,11,0,5,0,0,1,1,1,0,2,8,0,0,0,0,0,0,0,46,537,2,1,17,4.25,4,0,0.0,5,1
19986.0,1,0,74,3,6,5,0,2,6,1,0,0,3,7,0,0,0,0,0,0,0,30,227,1,1,22,5.5,4,0,0.0,3,1
27421.0,0,0,14,43,12,96,78,40,55,3,4,1,6,7,0,0,0,0,0,0,0,61,564,0,0,324,27.0,14,0,0.0,3,0
35688.0,2,1,94,73,3,90,12,1,32,7,4,1,4,8,0,0,0,0,0,0,0,42,676,3,1,211,21.1,16,0,0.0,2,1
36143.0,1,0,33,12,0,1,0,0,6,1,0,1,2,3,0,0,0,0,0,0,0,34,91,1,1,19,4.75,4,0,0.0,4,0
10245.0,1,0,32,4,7,7,6,4,13,3,1,2,2,5,0,0,0,0,0,0,0,44,410,1,1,41,6.833333333333333,8,0,0.0,3,0
43795.0,0,1,11,314,11,53,4,3,107,3,7,3,4,7,0,1,0,0,0,0,1,47,256,1,1,492,32.8,17,1,0.2,4,1
63381.0,0,1,78,571,50,142,33,50,159,4,4,5,13,2,0,0,0,0,0,0,0,55,632,1,1,1005,43.69565217391305,26,0,0.0,3,1
38823.0,0,1,56,70,0,11,2,8,23,1,2,1,3,6,0,0,0,0,0,0,0,66,668,1,1,114,16.285714285714285,7,0,0.0,3,1
83664.0,1,1,57,866,21,151,28,21,86,3,2,2,12,5,0,0,0,0,0,0,0,47,417,2,1,1173,69.0,19,0,0.0,5,0
90300.0,0,0,7,594,134,786,33,134,57,0,5,6,8,1,0,0,1,0,0,0,0,36,177,0,0,1738,86.9,19,1,0.2,3,1
62499.0,1,0,0,140,4,61,0,13,4,2,3,1,6,4,0,0,0,0,0,0,0,36,202,1,1,222,20.181818181818183,12,0,0.0,4,1
74293.0,0,0,66,375,152,335,93,91,81,1,5,4,6,2,0,0,0,0,0,0,0,22,56,0,0,1127,70.4375,16,0,0.0,3,0
51012.0,0,0,86,102,9,63,2,9,24,1,4,1,4,6,0,0,0,0,0,0,0,69,437,0,0,209,20.9,10,0,0.0,5,1
70777.0,0,1,80,554,35,113,0,7,78,3,5,3,12,3,0,0,0,0,0,0,0,47,124,1,1,787,37.476190476190474,23,0,0.0,4,1
68682.0,0,0,56,919,0,505,99,30,45,1,4,9,10,2,0,0,0,0,0,0,0,24,266,0,0,1598,66.58333333333333,24,0,0.0,5,1
43824.0,1,1,18,96,1,42,12,3,32,4,3,1,4,8,0,0,0,0,0,0,0,44,652,2,1,186,20.666666666666668,12,0,0.0,3,1
15345.0,1,0,51,5,2,16,3,2,19,2,1,1,2,8,0,0,0,0,0,0,1,31,667,1,1,47,9.4,6,0,0.0,3,1
23442.0,1,0,71,2,0,6,8,6,5,1,1,0,3,7,0,0,0,0,0,0,0,28,552,1,1,27,5.4,5,0,0.0,3,0
14515.0,1,0,71,6,4,9,6,36,35,4,2,2,3,7,0,0,0,0,0,0,1,35,597,1,1,96,12.0,11,0,0.0,2,1
31395.0,1,1,80,23,1,25,0,8,7,4,2,1,3,6,0,0,0,0,0,0,0,59,463,2,1,64,9.142857142857142,10,0,0.0,2,0
75276.0,0,0,2,610,105,125,137,42,21,1,9,4,9,5,0,0,0,0,0,0,0,50,640,0,0,1040,45.21739130434783,23,0,0.0,3,1
42373.0,1,1,83,67,5,61,3,8,19,5,2,1,5,5,0,0,0,0,0,0,0,41,318,2,1,163,18.11111111111111,13,0,0.0,3,0
30507.0,0,0,29,65,36,74,38,20,110,1,5,1,4,7,0,0,0,0,0,0,0,55,475,0,0,343,31.181818181818183,11,0,0.0,3,1
55521.0,1,2,11,416,0,26,0,0,4,9,6,3,6,7,0,1,0,0,0,0,1,60,250,3,1,446,27.875,24,1,0.2,5,0
48006.0,1,1,55,23,0,11,3,2,2,1,1,0,3,6,0,0,0,0,0,0,0,50,20,2,1,41,8.2,5,0,0.0,3,1
27213.0,1,0,19,19,3,26,10,9,3,3,2,0,4,8,0,0,0,0,0,0,1,43,668,1,1,70,10.0,9,0,0.0,5,0
65808.0,1,1,1,155,7,80,13,7,10,3,5,1,5,6,0,0,0,0,0,0,0,44,30,2,1,272,22.666666666666668,14,0,0.0,5,0
30351.0,1,0,19,14,0,24,3,3,2,1,3,0,2,9,0,0,0,0,0,0,0,41,388,1,1,46,7.666666666666667,6,0,0.0,5,1
50437.0,0,2,28,370,9,92,6,9,4,3,7,1,8,7,0,0,0,0,0,0,0,52,620,2,1,490,28.823529411764707,19,0,0.0,3,1
23616.0,1,0,76,4,22,11,3,7,32,2,3,0,3,8,0,0,0,0,0,0,1,33,589,1,1,79,11.285714285714286,8,0,0.0,2,0
53858.0,0,1,50,407,53,221,58,150,26,4,4,3,6,4,0,0,0,0,0,0,0,39,597,1,1,915,65.35714285714286,17,0,0.0,3,1
66465.0,0,1,1,1200,0,204,38,29,14,3,11,9,12,6,0,0,0,1,0,0,0,60,456,1,1,1485,45.0,35,1,0.2,5,1
46923.0,1,0,90,85,44,54,102,78,6,3,5,1,7,7,0,0,0,0,0,0,0,28,676,1,1,369,26.357142857142858,16,0,0.0,3,0
75072.0,0,1,83,583,34,309,0,22,125,2,5,4,8,3,0,0,0,0,0,0,0,53,522,1,1,1073,59.611111111111114,19,0,0.0,3,1
75865.0,0,0,73,483,0,591,156,0,12,1,3,5,10,1,0,0,0,0,0,0,0,72,90,0,0,1242,65.36842105263158,19,0,0.0,5,1
19789.0,1,0,24,2,5,9,28,6,28,3,2,1,3,5,1,0,0,0,0,0,0,40,221,1,1,78,11.142857142857142,9,1,0.2,2,1
80134.0,0,0,11,966,26,282,52,26,26,1,2,7,11,5,0,1,1,1,1,0,0,21,135,0,0,1378,65.61904761904762,21,4,0.8,3,1
91065.0,0,0,33,822,114,108,179,137,114,1,7,9,9,3,0,0,1,1,0,0,1,34,492,0,0,1474,56.69230769230769,26,2,0.4,3,0
49505.0,1,1,4,604,0,100,19,0,28,9,10,2,8,8,0,0,0,0,0,0,0,44,481,2,1,751,35.76190476190476,29,0,0.0,4,1
37401.0,1,0,14,19,3,19,3,1,3,2,2,0,3,7,0,0,0,0,0,0,0,42,54,1,1,48,8.0,7,0,0.0,5,1
30096.0,1,0,30,5,3,11,12,5,9,1,2,0,3,6,0,0,0,0,0,0,0,32,38,1,1,45,7.5,6,0,0.0,3,1
18492.0,1,0,75,2,2,2,2,1,1,1,1,0,2,8,0,0,0,0,0,0,0,33,24,1,1,10,2.5,4,0,0.0,4,1
82584.0,0,0,26,1076,68,103,29,91,68,1,3,4,8,1,0,1,1,0,0,0,1,41,390,0,0,1435,89.6875,16,2,0.4,4,1
93027.0,0,0,77,1285,42,716,55,0,21,0,7,10,5,2,0,0,1,0,0,0,0,74,442,0,0,2119,92.1304347826087,22,1,0.2,5,1
48686.0,1,2,8,10,0,7,2,0,1,1,1,0,2,8,0,0,0,0,0,0,0,62,207,3,1,20,5.0,4,0,0.0,3,1
92910.0,0,0,42,551,137,792,179,103,33,1,6,7,13,1,0,1,1,1,0,0,0,29,66,0,0,1795,66.48148148148148,27,3,0.6,3,1
75433.0,1,0,28,800,0,297,0,34,57,2,2,5,10,6,0,1,0,1,0,0,0,26,85,1,1,1188,66.0,19,2,0.4,3,1
10404.0,1,0,52,2,2,11,10,6,12,2,1,0,4,5,0,0,0,0,0,0,0,26,56,1,1,43,7.166666666666667,7,0,0.0,2,1
61314.0,0,1,1,378,0,189,97,172,172,2,5,5,12,3,0,0,0,0,0,0,0,47,430,1,1,1008,43.82608695652174,24,0,0.0,3,1
84865.0,0,0,1,1248,16,349,43,16,16,1,2,4,9,4,0,1,1,1,1,0,1,54,416,0,0,1688,105.5,16,4,0.8,5,0
42387.0,1,0,42,235,0,235,19,4,191,5,8,1,7,8,0,0,0,0,0,0,0,26,608,1,1,684,40.23529411764706,21,0,0.0,3,1
67309.0,1,1,76,515,47,181,149,95,95,15,9,6,9,7,0,0,0,0,0,0,0,48,522,2,1,1082,43.28,39,0,0.0,2,1
75236.0,0,1,27,438,66,400,12,38,114,1,8,3,13,4,0,0,0,0,0,0,0,51,216,1,1,1068,42.72,25,0,0.0,3,1
30015.0,1,0,28,25,0,22,2,3,5,2,1,0,4,5,0,0,0,0,0,0,0,45,147,1,1,57,9.5,7,0,0.0,3,0
50943.0,0,1,49,31,0,7,2,0,6,1,1,0,3,5,0,0,0,0,0,0,0,59,373,1,1,46,9.2,5,0,0.0,4,1
67272.0,0,1,12,357,35,271,28,28,14,3,6,2,12,5,0,0,0,0,0,0,0,49,190,1,1,733,34.904761904761905,23,0,0.0,3,0
51529.0,0,1,14,400,4,35,6,0,22,2,9,1,5,8,0,0,0,0,0,0,0,66,295,1,1,467,29.1875,17,0,0.0,4,0
32011.0,1,0,89,99,0,15,2,1,5,3,2,1,4,7,0,0,0,0,0,0,0,44,311,1,1,122,15.25,10,0,0.0,5,1
7500.0,1,0,96,1,11,5,4,6,9,2,2,0,3,8,0,0,0,0,0,0,0,29,507,1,1,36,6.0,7,0,0.0,2,1
28691.0,1,0,56,5,4,13,8,0,4,1,1,0,3,8,0,0,0,0,0,0,0,26,360,1,1,34,6.8,5,0,0.0,3,1
56223.0,0,1,72,77,28,31,16,0,4,2,2,1,5,4,0,0,0,0,0,0,0,67,191,1,1,156,17.333333333333332,10,0,0.0,5,1
18100.0,0,0,14,3,1,2,4,3,1,1,0,0,3,5,0,0,0,0,0,0,0,69,327,0,0,14,3.5,4,0,0.0,3,1
30279.0,1,0,13,10,4,14,4,4,1,1,1,0,3,8,0,0,0,0,0,0,0,26,546,1,1,37,7.4,5,0,0.0,3,0
20130.0,0,0,99,0,6,3,7,6,12,1,1,0,3,8,0,0,0,0,0,0,0,41,104,0,0,34,6.8,5,0,0.0,2,1
23295.0,0,0,72,0,0,1,2,12,5,1,1,0,2,8,0,0,0,0,0,0,0,56,351,0,0,20,5.0,4,0,0.0,3,0
42618.0,1,0,92,76,14,74,13,5,10,2,5,0,4,8,0,0,0,0,0,0,0,43,263,1,1,192,19.2,11,0,0.0,4,0
81246.0,0,0,87,398,190,537,61,156,37,1,4,5,7,1,1,0,0,1,0,0,0,51,182,0,0,1379,81.11764705882354,17,2,0.4,3,0
24027.0,1,0,7,14,7,11,11,0,5,2,2,0,3,8,0,0,0,0,0,0,0,39,385,1,1,48,8.0,7,0,0.0,3,1
55707.0,0,1,91,208,7,82,30,66,35,2,3,2,9,3,0,0,0,0,0,0,0,62,189,1,1,428,28.533333333333335,16,0,0.0,5,1
57959.0,0,1,71,430,16,322,43,24,33,5,4,7,11,3,0,0,0,0,0,0,0,60,423,1,1,868,37.73913043478261,27,0,0.0,3,0
56796.0,0,1,24,656,38,161,62,47,37,3,8,9,7,7,0,0,0,0,0,0,0,46,498,1,1,1001,40.04,27,0,0.0,3,1
36230.0,1,0,17,14,2,30,8,2,3,1,2,0,4,5,0,0,0,0,0,0,0,44,255,1,1,59,8.428571428571429,7,0,0.0,4,0
70829.0,1,1,87,141,70,106,72,19,23,2,4,2,8,3,0,0,0,0,0,0,0,35,210,2,1,431,28.733333333333334,16,0,0.0,2,1
65991.0,0,1,21,507,19,364,25,47,9,3,9,5,10,7,0,0,0,0,0,0,0,39,660,1,1,971,38.84,27,0,0.0,3,1
38988.0,1,2,90,164,24,103,12,3,42,7,5,1,6,8,0,0,0,0,0,0,0,43,678,3,1,348,26.76923076923077,19,0,0.0,3,1
89572.0,0,0,44,606,24,974,197,194,64,1,7,7,9,4,0,1,0,1,0,0,1,49,652,0,0,2059,85.79166666666667,24,2,0.4,2,0
42207.0,1,0,71,116,11,72,3,17,46,4,4,1,5,6,1,0,0,0,0,0,1,31,454,1,1,265,24.09090909090909,14,1,0.2,4,1
50300.0,0,1,52,143,15,60,24,23,5,2,2,1,8,2,0,0,0,0,0,0,0,63,35,1,1,270,22.5,13,0,0.0,3,1
66664.0,0,0,78,398,96,447,220,96,32,1,5,7,6,3,0,0,0,0,0,0,0,33,642,0,0,1289,67.84210526315789,19,0,0.0,2,1
60597.0,0,1,2,522,0,257,32,16,66,4,2,2,8,7,0,0,0,1,0,0,1,51,179,1,1,893,68.6923076923077,16,1,0.2,3,1
70165.0,0,0,60,161,0,253,199,191,122,1,3,7,11,1,0,0,0,0,0,0,0,66,280,0,0,926,42.09090909090909,22,0,0.0,3,0
50520.0,0,1,25,112,0,6,2,1,14,2,3,1,3,6,0,0,0,0,0,0,0,57,152,1,1,135,16.875,9,0,0.0,5,0
80124.0,0,0,47,483,84,398,205,84,241,1,3,7,8,1,1,0,0,0,0,0,0,52,3,0,0,1495,78.6842105263158,19,1,0.2,3,1
33183.0,1,0,46,7,5,39,17,15,37,2,4,0,3,7,0,0,0,0,0,0,0,40,125,1,1,120,15.0,9,0,0.0,3,1
66582.0,0,0,83,789,25,420,16,38,0,1,2,8,9,1,0,0,0,0,0,0,0,46,118,0,0,1288,64.4,20,0,0.0,5,0
75261.0,0,0,17,1239,17,413,23,34,17,1,5,6,5,2,0,1,1,0,0,0,1,60,432,0,0,1743,102.52941176470588,17,2,0.4,5,1
31880.0,1,0,13,4,1,5,2,0,3,1,1,0,2,8,0,0,0,0,0,0,0,45,606,1,1,15,3.75,4,0,0.0,3,0
53790.0,0,2,86,335,42,127,28,5,5,3,7,2,8,6,0,0,0,0,0,0,0,64,115,2,1,542,30.11111111111111,20,0,0.0,3,1
49269.0,1,0,92,639,8,166,11,8,58,3,7,3,12,7,0,0,0,0,0,0,0,44,683,1,1,890,38.69565217391305,25,0,0.0,5,1
61456.0,0,1,47,563,76,384,84,192,89,4,6,10,13,4,0,0,0,0,0,0,0,40,459,1,1,1388,46.266666666666666,33,0,0.0,3,1
37406.0,1,0,18,2,0,8,2,2,3,1,1,0,2,8,0,0,0,0,0,0,1,35,262,1,1,17,4.25,4,0,0.0,3,1
56937.0,1,0,81,746,8,125,11,8,8,7,8,6,9,6,0,1,0,0,0,0,1,34,694,1,1,906,37.75,30,1,0.2,5,1
38415.0,1,1,91,22,1,13,4,0,4,2,1,0,3,7,0,0,0,0,0,0,0,37,543,2,1,44,8.8,6,0,0.0,3,1
20518.0,1,0,58,4,1,6,4,1,9,1,1,1,2,5,0,0,0,0,0,0,0,27,42,1,1,25,5.0,5,0,0.0,3,0
62503.0,0,1,40,478,0,193,110,75,117,4,8,3,11,5,0,0,0,0,0,0,0,59,496,1,1,973,42.30434782608695,26,0,0.0,3,1
41644.0,1,1,67,20,3,4,2,0,2,2,1,0,3,3,0,0,0,0,0,0,0,43,51,2,1,31,6.2,6,0,0.0,5,0
55842.0,0,1,19,451,0,39,0,4,24,1,7,1,8,5,0,0,0,0,0,0,0,38,37,1,1,518,30.470588235294116,17,0,0.0,4,1
62010.0,0,1,93,371,22,39,6,0,92,4,6,2,7,5,0,0,0,0,0,0,0,43,614,1,1,530,33.125,19,0,0.0,5,1
41124.0,1,0,41,281,7,84,15,0,119,7,7,3,4,8,0,0,0,0,0,0,0,38,606,1,1,506,33.733333333333334,21,0,0.0,3,1
38961.0,1,0,60,19,7,19,0,1,24,1,2,1,2,7,0,0,0,0,0,0,0,42,181,1,1,70,11.666666666666666,6,0,0.0,4,1
37760.0,1,0,54,26,3,13,2,10,0,1,2,0,3,6,0,0,0,0,0,0,0,43,322,1,1,54,9.0,6,0,0.0,4,0
32233.0,1,0,26,138,15,35,25,11,72,2,6,2,2,9,1,0,0,0,0,0,1,41,679,1,1,296,26.90909090909091,12,1,0.2,3,0
43057.0,0,1,30,213,2,44,0,2,5,4,4,2,5,5,0,0,0,0,0,0,0,40,242,1,1,266,22.166666666666668,15,0,0.0,3,1
83151.0,0,0,93,407,28,100,120,74,18,1,5,9,4,3,0,0,0,0,0,0,0,55,627,0,0,747,39.31578947368421,19,0,0.0,4,1
78825.0,0,0,35,483,74,114,169,37,18,1,5,10,13,3,0,0,0,0,0,0,1,51,653,0,0,895,30.862068965517242,29,0,0.0,5,0
65104.0,0,1,4,738,0,232,13,20,50,2,3,5,7,7,0,0,0,0,0,0,0,39,227,1,1,1053,65.8125,17,0,0.0,4,1
60093.0,0,1,92,502,12,109,16,6,90,2,7,2,10,6,0,0,0,0,0,0,0,41,368,1,1,735,36.75,21,0,0.0,3,1
14045.0,1,0,24,11,0,5,2,1,1,1,1,0,3,7,0,0,0,0,0,0,0,46,154,1,1,20,4.0,5,0,0.0,3,1
28457.0,0,0,96,24,1,108,29,29,14,1,4,1,4,8,0,0,0,0,0,0,0,63,609,0,0,205,20.5,10,0,0.0,2,0
78952.0,0,1,11,1170,19,594,99,76,134,2,2,5,12,6,0,0,0,0,0,0,0,57,643,1,1,2092,104.6,21,0,0.0,5,1
46310.0,1,0,99,185,2,88,15,5,14,2,6,1,5,8,0,0,0,0,0,0,0,39,573,1,1,309,23.76923076923077,14,0,0.0,3,0
76005.0,0,0,72,983,20,389,240,50,40,1,3,5,13,6,0,0,0,1,0,0,0,60,492,0,0,1722,78.27272727272727,22,1,0.2,3,1
58308.0,0,1,77,691,0,69,10,0,130,4,2,6,3,8,0,0,0,0,0,0,0,51,533,1,1,900,75.0,15,0,0.0,4,0
55614.0,0,0,85,504,13,131,8,0,26,1,9,4,6,7,0,1,0,0,0,0,0,71,214,0,0,682,34.1,20,1,0.2,5,0
59432.0,0,1,88,317,25,265,25,19,12,3,5,3,11,5,0,0,0,0,0,0,0,53,442,1,1,663,33.15,22,0,0.0,4,0
55563.0,0,1,22,29,1,9,2,0,2,1,2,0,3,3,0,0,0,0,0,0,0,37,85,1,1,43,7.166666666666667,6,0,0.0,3,0
78642.0,0,1,83,1396,0,322,46,35,17,1,4,9,4,6,0,0,0,0,0,0,0,44,434,1,1,1816,100.88888888888889,18,0,0.0,5,1
67911.0,0,1,63,529,0,356,63,28,0,3,6,7,11,3,0,0,0,0,0,0,0,66,38,1,1,976,39.04,27,0,0.0,5,1
65275.0,0,0,9,388,14,218,91,14,21,1,4,3,13,2,0,0,0,0,0,0,0,71,452,0,0,746,35.523809523809526,21,0,0.0,3,1
27203.0,1,1,92,13,2,21,4,0,24,2,1,1,2,8,0,0,0,0,0,0,0,65,692,2,1,64,12.8,6,0,0.0,3,1
48330.0,0,1,2,28,0,4,0,0,0,1,1,0,3,5,0,0,0,0,0,0,0,54,226,1,1,32,6.4,5,0,0.0,4,1
24279.0,0,0,6,16,36,21,20,62,108,1,4,1,3,8,0,0,0,0,0,0,0,25,547,0,0,263,29.22222222222222,9,0,0.0,1,1
64355.0,1,0,66,1047,0,140,67,38,153,2,4,3,12,8,0,0,0,0,0,0,0,30,674,1,1,1445,72.25,21,0,0.0,5,1
50943.0,0,1,49,31,0,7,2,0,6,1,1,0,3,5,0,0,0,0,0,0,0,59,373,1,1,46,9.2,5,0,0.0,4,1
53653.0,0,0,29,815,10,239,28,10,108,2,10,4,12,6,0,0,0,0,0,0,0,62,599,0,0,1210,44.81481481481482,28,0,0.0,3,0
65665.0,0,1,77,225,162,387,106,36,29,1,5,10,8,3,0,0,0,0,0,0,0,39,209,1,1,945,39.375,24,0,0.0,3,1
81217.0,0,0,77,493,70,324,146,40,84,1,3,7,11,1,0,0,0,0,0,0,0,26,345,0,0,1157,52.59090909090909,22,0,0.0,3,0
34935.0,0,0,71,34,4,66,3,10,20,1,2,1,4,7,0,0,0,0,0,0,0,23,373,0,0,137,17.125,8,0,0.0,3,1
61250.0,0,1,49,382,138,65,60,26,59,6,5,2,12,5,0,0,0,0,0,0,0,56,560,1,1,730,36.5,25,0,0.0,3,0
39665.0,1,0,97,127,1,56,0,1,31,3,4,2,3,7,1,0,0,0,0,0,0,34,400,1,1,216,21.6,12,1,0.2,5,1
60152.0,0,1,6,325,83,300,86,58,91,1,6,4,12,3,0,0,0,0,0,0,0,36,458,1,1,943,41.0,23,0,0.0,3,0
48920.0,0,2,93,238,17,68,8,10,6,3,6,2,5,7,0,1,0,0,0,0,0,51,252,2,1,347,24.785714285714285,16,1,0.2,3,1
89120.0,0,0,78,1168,92,408,72,129,55,1,5,6,7,1,0,0,1,0,0,0,0,56,104,0,0,1924,101.26315789473684,19,1,0.2,4,1
44124.0,0,1,62,284,0,55,0,6,52,4,6,2,5,8,0,0,0,0,0,0,0,69,414,1,1,397,28.357142857142858,17,0,0.0,5,1
81169.0,0,0,47,1288,20,613,80,61,27,1,5,7,9,2,0,0,0,0,0,0,0,40,441,0,0,2089,94.95454545454545,22,0,0.0,4,0
36443.0,1,1,9,65,0,46,4,3,20,4,3,1,3,8,0,0,0,0,0,0,0,54,511,2,1,138,17.25,11,0,0.0,3,1
26095.0,1,0,77,11,7,9,3,1,11,1,1,0,3,7,0,0,0,0,0,0,0,25,364,1,1,42,8.4,5,0,0.0,3,0
71367.0,0,0,24,227,23,389,42,21,75,1,4,5,7,2,0,0,0,0,0,0,0,56,310,0,0,777,45.705882352941174,17,0,0.0,3,1
80184.0,0,0,19,1035,134,670,25,38,0,1,6,3,10,3,0,0,1,1,0,0,0,71,120,0,0,1902,95.1,20,2,0.4,4,1
30630.0,1,1,67,27,1,12,2,0,10,2,2,0,3,7,0,0,0,0,0,0,0,50,153,2,1,52,8.666666666666666,7,0,0.0,3,0
73454.0,0,0,95,982,73,351,56,14,175,1,2,4,6,5,1,0,0,0,0,0,0,28,120,0,0,1651,127.0,13,1,0.2,4,0
42691.0,0,0,48,179,2,64,38,17,58,1,5,1,6,5,0,0,0,0,0,0,0,24,317,0,0,358,27.53846153846154,13,0,0.0,3,1
70503.0,0,0,73,1379,33,216,0,33,66,1,2,4,9,6,0,1,1,0,0,0,0,62,637,0,0,1727,107.9375,16,2,0.4,3,1
25545.0,1,0,35,32,1,64,16,12,85,3,2,2,3,6,0,0,0,0,0,0,1,28,659,1,1,210,26.25,10,0,0.0,3,1
32880.0,1,0,76,8,4,15,7,6,2,1,1,0,3,8,0,0,0,0,0,0,0,29,572,1,1,42,8.4,5,0,0.0,3,1
77863.0,0,0,20,881,38,319,16,25,12,1,4,5,10,2,0,0,0,0,0,0,0,57,214,0,0,1291,64.55,20,0,0.0,5,1
50353.0,0,0,72,141,15,153,67,31,35,1,4,4,6,3,0,0,0,0,0,0,0,38,21,0,0,442,29.466666666666665,15,0,0.0,4,1
61839.0,0,0,20,1000,155,379,224,17,120,1,4,8,4,8,0,0,0,0,0,0,0,51,686,0,0,1895,111.47058823529412,17,0,0.0,3,0
49154.0,1,1,69,206,10,67,30,27,71,6,4,1,8,6,0,0,0,0,0,0,0,55,238,2,1,411,29.357142857142858,19,0,0.0,5,1
47682.0,0,1,80,162,61,83,97,57,61,4,4,3,8,5,0,0,0,0,0,0,0,40,499,1,1,521,32.5625,19,0,0.0,2,0
72679.0,0,1,65,619,54,260,127,54,54,1,4,7,5,1,0,0,0,0,0,0,0,46,284,1,1,1168,68.70588235294117,17,0,0.0,3,0
57954.0,1,1,52,456,4,24,0,0,9,7,8,2,6,7,0,1,0,0,0,0,0,38,11,2,1,493,29.0,23,1,0.2,4,1
65316.0,1,1,65,112,6,92,3,9,38,2,3,2,5,4,0,0,0,0,0,0,0,53,431,2,1,260,23.636363636363637,12,0,0.0,3,1
28567.0,1,0,57,11,3,22,2,2,6,2,2,0,3,6,0,0,0,0,0,0,0,33,377,1,1,46,7.666666666666667,7,0,0.0,3,0
47352.0,0,1,70,172,12,112,8,0,15,4,6,1,5,7,0,0,0,0,0,0,0,64,444,1,1,319,24.53846153846154,16,0,0.0,4,1
44931.0,0,1,0,78,0,11,0,0,7,1,2,1,3,5,0,0,0,0,0,0,0,48,162,1,1,96,13.714285714285714,7,0,0.0,3,1
76982.0,0,0,19,464,151,292,65,60,30,1,8,3,4,4,0,0,1,0,0,0,1,48,134,0,0,1062,66.375,16,1,0.2,3,0
57247.0,0,1,50,99,4,32,37,54,6,2,2,1,7,2,0,0,0,0,0,0,0,63,325,1,1,232,21.09090909090909,12,0,0.0,2,1
22944.0,1,0,67,19,3,19,4,5,26,3,3,0,3,7,0,0,0,0,0,0,0,34,188,1,1,76,10.857142857142858,9,0,0.0,4,0
25315.0,1,0,46,1,9,8,11,3,22,3,3,0,3,8,0,0,0,0,0,0,0,38,234,1,1,54,7.714285714285714,9,0,0.0,2,1
43638.0,0,1,37,63,10,83,7,19,19,2,4,1,4,7,0,0,0,0,0,0,0,46,692,1,1,201,20.1,11,0,0.0,3,0
42710.0,1,0,38,252,3,42,4,3,102,2,4,5,3,6,0,0,0,0,0,0,0,31,578,1,1,406,31.23076923076923,14,0,0.0,5,0
84169.0,0,0,9,1478,19,403,0,19,0,1,7,6,6,3,0,1,1,0,0,0,1,33,326,0,0,1919,95.95,20,2,0.4,5,1
54058.0,0,1,56,198,18,252,32,108,54,2,4,6,8,3,0,0,0,0,0,0,0,39,390,1,1,662,34.8421052631579,20,0,0.0,3,1
24683.0,1,0,98,8,4,10,6,7,6,2,2,0,4,5,0,0,0,0,0,0,0,25,113,1,1,41,5.857142857142857,8,0,0.0,2,1
85620.0,0,0,68,416,46,925,60,107,46,1,3,6,4,1,0,0,0,0,0,0,1,51,173,0,0,1600,114.28571428571429,14,0,0.0,3,0
47850.0,1,0,72,42,7,43,20,12,10,1,3,0,4,6,0,0,0,0,0,0,0,35,208,1,1,134,16.75,8,0,0.0,3,1
19514.0,1,1,47,14,3,21,2,1,28,4,3,1,2,8,1,0,0,0,0,0,1,47,154,2,1,69,9.857142857142858,10,1,0.2,3,1
27159.0,1,1,33,17,0,3,0,0,1,2,1,0,3,6,0,0,0,0,0,0,0,42,92,2,1,21,4.2,6,0,0.0,4,1
39548.0,1,1,87,15,4,10,3,4,18,2,1,1,3,3,0,0,0,0,0,0,0,52,90,2,1,54,9.0,7,0,0.0,2,0
21474.0,1,0,0,6,16,24,11,0,34,2,3,1,2,7,1,0,0,0,0,0,1,26,82,1,1,91,13.0,8,1,0.2,3,0
60504.0,0,1,73,458,0,24,6,4,34,2,6,2,8,6,0,0,0,0,0,0,0,44,142,1,1,526,30.941176470588236,18,0,0.0,5,0
22419.0,0,0,74,30,3,47,19,21,42,1,3,2,2,8,0,0,0,0,0,0,0,52,437,0,0,162,20.25,8,0,0.0,3,1
81698.0,0,0,4,179,28,520,111,123,47,1,3,8,13,1,0,0,0,0,0,0,1,66,235,0,0,1008,40.32,25,0,0.0,4,1
43462.0,1,1,50,90,17,97,15,6,15,6,4,1,5,8,0,0,0,0,0,0,0,63,655,2,1,240,21.818181818181817,16,0,0.0,3,1
54880.0,1,0,57,308,85,137,102,45,118,2,6,2,11,5,0,0,0,0,0,0,0,37,485,1,1,795,39.75,21,0,0.0,5,0
79908.0,0,0,30,557,129,761,29,185,111,1,5,6,7,2,0,0,1,0,0,0,0,33,450,0,0,1772,93.26315789473684,19,1,0.2,3,1
15315.0,0,0,27,7,4,13,15,8,17,2,2,0,4,5,0,0,0,0,0,0,0,45,330,0,0,64,9.142857142857142,8,0,0.0,2,1
87771.0,0,1,61,1492,38,287,50,57,33,1,5,10,4,6,0,1,1,1,1,0,1,56,403,1,1,1957,97.85,20,4,0.8,3,1
33039.0,1,0,4,30,8,12,8,8,12,1,2,0,4,5,0,0,0,0,0,0,0,37,293,1,1,78,11.142857142857142,7,0,0.0,3,1
81741.0,0,0,75,249,153,940,58,134,38,0,6,6,7,2,0,0,0,0,0,0,0,35,378,0,0,1572,78.6,19,0,0.0,3,0
71499.0,0,1,12,465,25,132,136,0,37,2,8,3,13,4,0,0,0,0,0,0,0,44,369,1,1,795,31.8,26,0,0.0,4,1
62466.0,0,1,13,129,129,259,168,121,83,5,6,3,12,4,0,0,0,0,0,0,0,45,165,1,1,889,40.40909090909091,26,0,0.0,2,1
48799.0,0,1,9,174,18,81,28,6,24,3,3,2,7,3,0,0,0,0,0,0,0,52,236,1,1,331,25.46153846153846,15,0,0.0,5,0
52157.0,0,1,48,189,2,29,3,2,40,2,3,2,5,4,0,0,0,0,0,0,0,65,22,1,1,265,24.09090909090909,12,0,0.0,5,1
66565.0,0,1,80,747,10,161,65,40,42,4,4,2,9,8,0,0,0,0,0,0,0,53,571,1,1,1065,66.5625,19,0,0.0,3,0
29298.0,1,1,60,6,0,2,2,0,1,1,1,0,2,5,0,0,0,0,0,0,0,64,295,2,1,11,2.75,4,0,0.0,4,1
47691.0,0,1,43,14,0,3,0,0,4,1,1,0,2,6,0,0,0,0,0,0,0,36,359,1,1,21,5.25,4,0,0.0,3,0
38200.0,1,1,19,12,0,4,0,0,1,1,1,0,2,7,0,0,0,0,0,0,0,45,569,2,1,17,4.25,4,0,0.0,3,1
44989.0,0,1,26,98,0,106,49,10,106,5,5,1,5,6,0,0,0,0,0,0,0,41,655,1,1,369,30.75,16,0,0.0,3,1
38443.0,1,1,58,32,0,5,0,0,1,2,1,0,3,7,0,0,0,0,0,0,0,47,153,2,1,38,7.6,6,0,0.0,5,1
38593.0,1,0,42,51,12,49,17,24,24,3,4,1,3,8,0,0,0,0,0,0,0,37,289,1,1,177,19.666666666666668,11,0,0.0,2,0
64413.0,0,1,27,200,5,44,0,10,20,1,5,1,5,5,0,0,0,0,0,0,0,45,332,1,1,279,23.25,12,0,0.0,5,1
36959.0,1,0,56,25,6,25,6,0,0,2,2,0,3,8,0,0,0,0,0,0,0,34,270,1,1,62,10.333333333333334,7,0,0.0,4,1
61996.0,0,1,27,1050,12,144,0,0,24,3,6,4,8,5,0,1,0,1,1,0,1,38,514,1,1,1230,64.73684210526316,21,3,0.6,5,1
51287.0,1,1,10,117,0,22,13,0,30,3,4,1,3,7,0,0,0,0,0,0,0,47,89,2,1,182,20.22222222222222,11,0,0.0,3,1
13260.0,1,1,48,9,4,17,10,2,7,4,3,0,3,8,0,0,0,0,0,0,0,45,310,2,1,49,7.0,10,0,0.0,3,1
47472.0,1,1,39,56,0,11,0,0,8,2,2,0,4,5,0,0,0,0,0,0,0,49,286,2,1,75,10.714285714285714,8,0,0.0,5,1
54603.0,1,1,85,145,13,46,17,2,4,6,4,2,4,7,0,0,0,0,0,0,0,59,355,2,1,227,20.636363636363637,16,0,0.0,4,1
45207.0,1,1,64,203,0,10,0,0,2,5,3,1,6,6,0,1,0,0,0,0,0,41,596,2,1,215,19.545454545454547,15,1,0.2,5,1
40689.0,0,1,69,270,3,27,39,6,99,7,7,1,5,8,0,0,0,0,0,0,0,64,468,1,1,444,31.714285714285715,20,0,0.0,3,1
47821.0,1,1,54,9,0,16,6,6,10,1,1,0,3,8,0,0,0,0,0,0,0,48,252,2,1,47,9.4,5,0,0.0,2,1
27450.0,0,0,57,37,12,23,8,11,52,1,2,1,3,7,0,0,0,0,0,0,0,64,440,0,0,143,20.428571428571427,7,0,0.0,4,1
39453.0,1,0,64,46,0,7,0,0,2,2,2,0,3,6,0,0,0,0,0,0,0,32,87,1,1,55,9.166666666666666,7,0,0.0,3,1
26850.0,1,1,10,31,1,13,7,2,9,4,2,1,4,4,0,0,0,0,0,0,0,44,72,2,1,63,7.875,11,0,0.0,2,1
79800.0,0,0,65,1060,21,530,32,0,224,1,5,11,5,3,1,0,1,1,0,0,1,60,644,0,0,1867,84.86363636363636,22,3,0.6,3,0
61794.0,0,1,74,264,47,188,54,47,11,2,4,4,10,2,0,0,0,0,0,0,0,54,288,1,1,611,32.1578947368421,20,0,0.0,4,1
53863.0,0,1,4,399,4,30,6,4,30,3,7,1,7,7,0,1,0,0,0,0,0,60,43,1,1,473,29.5625,18,1,0.2,3,1
24221.0,0,0,94,8,9,9,2,5,22,1,1,1,3,4,0,0,0,0,0,0,0,56,313,0,0,55,9.166666666666666,6,0,0.0,3,1
39684.0,1,0,41,19,0,35,6,4,17,2,2,1,2,7,0,0,0,0,0,1,1,31,625,1,1,81,13.5,7,0,0.0,5,0
92163.0,0,0,25,817,183,797,106,163,20,0,5,11,5,2,0,0,1,1,0,0,1,40,564,0,0,2086,94.81818181818181,21,2,0.4,4,1
69882.0,0,0,94,292,127,635,132,127,165,1,3,7,9,1,0,0,0,0,0,0,0,50,231,0,0,1478,73.9,20,0,0.0,4,0
33178.0,1,0,9,12,6,2,11,2,16,1,1,0,3,4,0,0,0,0,0,0,0,38,150,1,1,49,9.8,5,0,0.0,3,1
59973.0,0,0,47,130,30,168,20,34,0,1,3,4,7,1,0,0,0,0,0,0,0,43,291,0,0,382,25.466666666666665,15,0,0.0,5,1
17459.0,1,0,12,6,4,16,3,10,30,3,3,1,2,7,0,0,0,0,0,0,1,40,283,1,1,69,9.857142857142858,9,0,0.0,4,1
23910.0,1,0,80,16,12,18,7,1,13,1,2,0,3,7,0,0,0,0,0,0,0,46,611,1,1,67,11.166666666666666,6,0,0.0,3,0
42169.0,1,1,20,19,0,9,0,0,2,2,1,0,3,8,0,0,0,0,0,0,0,46,253,2,1,30,6.0,6,0,0.0,4,1
26224.0,1,0,39,4,7,15,13,9,15,3,2,1,3,6,0,0,0,0,0,0,0,37,390,1,1,63,9.0,9,0,0.0,2,1
31089.0,1,0,57,31,3,31,2,8,4,3,3,0,4,8,0,0,0,0,0,0,0,34,681,1,1,79,9.875,10,0,0.0,3,1
30081.0,0,1,27,36,0,2,0,0,4,1,1,0,3,7,0,0,0,0,0,0,0,54,493,1,1,42,8.4,5,0,0.0,3,0
62807.0,0,1,83,526,28,135,10,21,99,3,5,3,12,5,0,0,0,0,0,0,0,55,667,1,1,819,39.0,23,0,0.0,3,1
72906.0,0,0,79,400,32,519,71,75,54,1,3,4,9,1,0,0,0,0,0,0,0,60,285,0,0,1151,67.70588235294117,17,0,0.0,3,0
61467.0,0,2,69,410,16,114,0,5,49,3,5,2,10,5,0,0,0,0,0,0,0,67,567,2,1,594,33.0,20,0,0.0,5,1
49618.0,1,1,77,80,3,26,4,2,14,4,3,1,3,7,0,0,0,0,0,0,0,49,519,2,1,129,16.125,11,0,0.0,4,1
21888.0,1,0,15,88,10,46,2,3,64,4,5,1,2,10,0,0,0,0,0,0,1,29,547,1,1,213,23.666666666666668,12,0,0.0,4,0
42429.0,0,1,99,55,0,6,2,0,4,2,1,1,3,5,0,0,0,0,0,0,0,42,138,1,1,67,11.166666666666666,7,0,0.0,3,0
26150.0,2,1,61,5,1,13,3,5,1,1,1,0,3,7,0,0,0,0,0,0,0,59,475,3,1,28,5.6,5,0,0.0,3,0
30801.0,0,1,23,8,4,5,15,2,11,2,1,0,3,7,0,0,0,0,0,0,0,40,611,1,1,45,9.0,6,0,0.0,1,1
81168.0,0,0,84,410,0,592,147,22,22,1,6,4,7,3,0,0,0,1,0,0,0,50,53,0,0,1193,66.27777777777777,18,1,0.2,3,1
26877.0,0,0,74,101,13,76,20,18,40,2,3,1,6,6,0,0,0,0,0,0,0,46,314,0,0,268,24.363636363636363,12,0,0.0,4,0
45006.0,0,0,90,162,25,53,16,0,10,1,3,1,7,3,0,0,0,0,0,0,0,71,346,0,0,266,22.166666666666668,12,0,0.0,4,0
18978.0,1,0,41,2,8,1,4,7,15,1,1,0,3,8,0,0,0,0,0,0,0,42,565,1,1,37,7.4,5,0,0.0,1,1
22574.0,2,1,28,25,0,8,2,0,2,2,2,0,3,7,0,0,0,0,0,0,0,48,244,3,1,37,6.166666666666667,7,0,0.0,3,1
48240.0,0,0,73,389,91,248,64,49,41,3,6,3,13,5,0,0,0,0,0,0,1,46,597,0,0,882,38.34782608695652,25,0,0.0,5,0
45837.0,1,1,88,215,13,87,17,17,24,5,6,2,5,7,0,0,0,0,0,0,0,41,338,2,1,373,26.642857142857142,18,0,0.0,3,1
35791.0,2,1,94,27,0,5,0,0,3,2,1,0,3,8,0,0,0,0,0,0,0,50,419,3,1,35,7.0,6,0,0.0,4,0
94437.68000000001,1,1,31,85,1,16,2,1,2,0,0,0,1,1,0,0,0,0,0,0,0,39,391,2,1,107,53.5,1,0,0.0,5,1
54162.0,1,1,31,5,6,10,6,5,10,1,1,0,3,4,0,0,0,0,0,0,0,37,468,2,1,42,8.4,5,0,0.0,3,0
30522.0,0,1,6,179,8,83,19,11,26,5,1,2,9,2,0,0,0,0,0,0,0,55,681,1,1,326,25.076923076923077,17,0,0.0,4,1
54456.0,0,1,23,352,0,27,10,0,15,3,6,1,7,6,0,0,0,0,0,0,0,54,353,1,1,404,26.933333333333334,17,0,0.0,5,1
31632.0,0,0,92,17,8,12,11,15,32,1,2,1,2,7,0,0,0,0,0,0,0,44,350,0,0,95,15.833333333333334,6,0,0.0,3,0
72298.0,0,0,52,625,35,169,58,17,35,1,4,3,6,1,0,1,1,0,0,0,0,66,111,0,0,939,67.07142857142857,14,2,0.4,3,0
36975.0,1,0,50,10,6,11,0,4,2,1,1,0,3,7,0,0,0,0,0,0,0,37,183,1,1,33,6.6,5,0,0.0,2,0
72635.0,0,0,54,390,22,323,104,35,107,1,6,8,6,3,0,0,0,1,0,0,0,60,391,0,0,981,46.714285714285715,21,1,0.2,2,1
13624.0,1,0,93,10,2,15,2,1,6,2,2,0,3,6,0,0,0,0,0,0,0,39,525,1,1,36,6.0,7,0,0.0,3,1
84196.0,0,1,56,215,63,507,231,31,190,1,8,4,7,3,0,0,0,0,0,0,0,40,391,1,1,1237,61.85,20,0,0.0,3,0
70971.0,0,1,28,1001,17,572,93,125,17,7,11,11,5,7,0,0,0,0,0,0,1,55,646,1,1,1825,65.17857142857143,34,0,0.0,3,1
34487.0,1,1,94,19,18,33,24,1,8,3,3,0,3,9,0,0,0,0,0,0,0,38,661,2,1,103,14.714285714285714,9,0,0.0,5,0
28769.0,1,0,76,41,5,129,10,3,3,3,4,1,4,9,0,0,0,0,0,0,0,38,558,1,1,191,19.1,12,0,0.0,3,0
69084.0,1,0,43,1181,107,199,39,30,30,2,7,3,13,8,0,0,0,0,0,0,0,45,222,1,1,1586,66.08333333333333,25,0,0.0,5,1
65488.0,0,0,46,603,45,207,36,18,54,1,3,4,6,1,0,0,0,0,0,0,0,57,16,0,0,963,68.78571428571429,14,0,0.0,5,1
62466.0,0,1,13,129,129,259,168,121,83,5,6,3,12,4,0,0,0,0,0,0,0,45,165,1,1,889,40.40909090909091,26,0,0.0,2,1
32218.0,0,0,27,10,24,15,13,1,30,1,2,1,3,7,1,0,0,0,0,0,1,55,134,0,0,93,13.285714285714286,7,1,0.2,2,0
83917.0,0,0,12,514,22,732,42,198,79,1,6,7,7,3,0,0,0,0,0,0,1,42,437,0,0,1587,75.57142857142857,21,0,0.0,3,0
46102.0,2,1,3,14,0,1,0,0,1,1,1,0,2,7,0,0,0,0,0,0,0,53,111,3,1,16,4.0,4,0,0.0,3,0
84574.0,0,0,72,387,20,713,38,54,163,1,9,11,11,5,0,0,0,0,0,0,0,63,390,0,0,1375,42.96875,32,0,0.0,3,0
56181.0,0,1,6,121,103,69,8,44,48,1,4,2,7,4,0,0,0,0,0,0,0,53,537,1,1,393,28.071428571428573,14,0,0.0,3,1
63120.0,0,1,53,965,69,279,54,41,69,5,8,4,9,7,0,0,0,0,0,0,1,65,639,1,1,1477,67.13636363636364,26,0,0.0,4,0
73691.0,0,1,58,707,21,250,85,43,73,2,6,2,8,2,1,0,0,0,0,0,0,44,235,1,1,1179,69.3529411764706,18,1,0.2,3,1
63381.0,0,1,78,571,50,142,33,50,159,4,4,5,13,2,0,0,0,0,0,0,0,55,632,1,1,1005,43.69565217391305,26,0,0.0,3,1
76140.0,0,0,57,586,66,653,17,0,26,1,5,9,6,2,0,0,0,0,0,0,0,67,47,0,0,1348,64.19047619047619,21,0,0.0,5,1
62859.0,0,1,37,1063,89,102,16,12,25,4,9,4,6,6,0,0,0,0,0,0,0,56,546,1,1,1307,65.35,23,0,0.0,5,0
45906.0,0,1,20,305,3,27,4,3,144,2,5,4,4,5,1,0,0,0,0,0,0,51,418,1,1,486,34.714285714285715,15,1,0.2,3,0
77632.0,0,0,73,1200,105,758,0,42,147,1,4,2,6,2,0,1,1,0,0,0,1,68,476,0,0,2252,173.23076923076923,13,2,0.4,4,1
46463.0,1,1,56,163,2,40,8,11,11,7,3,1,6,6,0,0,0,0,0,0,0,44,315,2,1,235,21.363636363636363,17,0,0.0,5,1
94437.68000000001,0,0,36,1009,181,104,202,21,207,0,9,8,13,3,0,0,1,1,0,0,1,45,524,0,0,1724,55.61290322580645,30,2,0.4,3,1
55282.0,1,0,9,125,6,73,8,4,19,1,3,1,6,4,0,0,0,0,0,0,0,45,198,1,1,235,21.363636363636363,11,0,0.0,4,0
78710.0,0,1,42,721,0,152,119,50,50,3,7,6,12,4,0,0,0,0,0,0,0,38,37,1,1,1092,42.0,28,0,0.0,4,1
66886.0,0,1,28,315,4,62,41,31,146,2,7,1,7,5,0,0,0,0,0,0,0,57,286,1,1,599,37.4375,17,0,0.0,3,1
94437.68000000001,0,0,23,1000,19,711,125,115,38,0,4,6,9,1,0,1,0,0,0,0,0,55,132,0,0,2008,100.4,19,1,0.2,4,0
29103.0,1,0,38,16,0,17,6,3,6,2,1,0,3,9,0,0,0,0,0,0,0,30,671,1,1,48,9.6,6,0,0.0,3,1
67445.0,0,1,63,757,80,217,29,80,11,5,9,6,12,6,0,0,0,0,0,0,0,41,686,1,1,1174,41.92857142857143,32,0,0.0,3,1
50616.0,0,1,71,30,2,25,0,1,9,1,1,1,4,2,0,0,0,0,0,0,0,65,77,1,1,67,9.571428571428571,7,0,0.0,5,1
49431.0,0,1,9,219,3,100,26,0,17,2,7,1,5,8,0,0,0,0,0,0,0,60,695,1,1,365,26.071428571428573,15,0,0.0,3,0
94437.68000000001,0,0,81,1,1,1,1,1,1,0,0,0,0,0,0,0,0,0,0,0,0,40,142,0,0,6,6.0,0,0,0.0,3,0
61278.0,0,1,87,111,3,28,2,6,15,2,3,1,4,6,0,0,0,0,0,0,0,62,176,1,1,165,18.333333333333332,10,0,0.0,3,1
26490.0,0,0,92,45,47,52,21,20,25,2,3,1,5,6,0,0,0,0,0,0,0,57,645,0,0,210,21.0,11,0,0.0,2,1
73059.0,0,1,36,410,112,420,0,82,71,1,9,3,13,4,0,0,0,0,0,0,0,68,302,1,1,1095,42.11538461538461,26,0,0.0,5,1
46734.0,1,2,86,100,1,39,6,1,76,4,3,2,3,6,1,0,0,0,0,0,0,49,251,3,1,223,24.77777777777778,12,1,0.2,5,0
56253.0,0,1,83,509,0,65,7,11,5,4,7,2,9,6,0,0,0,0,0,0,0,52,569,1,1,597,31.42105263157895,22,0,0.0,3,1
19986.0,1,0,74,3,6,5,0,2,6,1,0,0,3,7,0,0,0,0,0,0,0,30,227,1,1,22,5.5,4,0,0.0,3,1
58330.0,0,1,87,445,53,213,104,98,151,1,6,4,13,4,0,0,0,0,0,0,0,40,186,1,1,1064,44.333333333333336,24,0,0.0,3,0
25965.0,0,0,29,2,2,11,41,7,11,1,2,0,3,8,0,0,0,0,0,0,0,35,660,0,0,74,12.333333333333334,6,0,0.0,1,1
14661.0,0,0,88,4,1,11,6,2,2,1,1,0,3,6,0,0,0,0,0,0,0,59,544,0,0,26,5.2,5,0,0.0,4,1
18690.0,0,0,77,6,1,7,23,4,19,1,1,1,2,8,0,0,0,0,0,0,0,56,548,0,0,60,12.0,5,0,0.0,3,1
45068.0,0,1,25,14,0,3,0,0,3,1,1,0,2,7,0,0,0,0,0,0,0,41,409,1,1,20,5.0,4,0,0.0,5,1
21063.0,1,0,34,1,10,11,19,3,15,2,2,0,3,6,0,0,0,0,0,0,0,28,277,1,1,59,9.833333333333334,7,0,0.0,1,0
29187.0,1,0,43,26,0,6,0,0,2,1,1,0,3,8,0,0,0,0,0,0,0,47,416,1,1,34,6.8,5,0,0.0,5,1
54690.0,1,1,76,111,16,37,7,9,18,3,3,1,5,3,0,0,0,0,0,0,0,44,234,2,1,198,19.8,12,0,0.0,2,1
59304.0,0,1,81,418,61,428,80,51,10,3,7,8,10,5,0,0,0,0,0,0,0,51,335,1,1,1048,40.30769230769231,28,0,0.0,5,1
59247.0,0,2,87,327,9,122,19,14,83,5,5,2,9,6,0,0,0,0,0,0,0,53,233,2,1,574,33.76470588235294,21,0,0.0,4,0
66731.0,0,1,33,371,159,194,58,106,141,4,4,3,6,3,0,0,0,0,0,0,0,45,655,1,1,1029,73.5,17,0,0.0,3,0
77353.0,0,1,38,275,59,107,69,101,59,2,6,4,8,4,0,0,0,0,0,0,0,35,195,1,1,670,35.26315789473684,20,0,0.0,3,1
52614.0,0,1,63,789,0,142,12,9,38,2,2,4,8,8,0,0,0,0,0,0,0,40,575,1,1,990,66.0,16,0,0.0,5,0
26751.0,2,0,26,1,1,5,0,3,1,1,1,0,2,8,0,0,0,0,0,0,0,41,38,2,1,11,2.75,4,0,0.0,3,1
81300.0,0,1,17,1004,12,145,32,12,36,3,10,3,5,5,0,0,0,1,0,0,1,52,607,1,1,1241,65.3157894736842,21,1,0.2,5,1
70337.0,0,0,75,187,81,149,25,43,91,1,2,2,12,1,0,0,0,0,0,0,0,36,178,0,0,576,33.88235294117647,17,0,0.0,3,0
36145.0,1,0,13,56,4,76,17,1,18,4,4,1,3,9,1,0,0,0,0,0,1,30,378,1,1,172,19.11111111111111,12,1,0.2,2,1
65295.0,0,0,19,365,32,117,34,110,6,1,3,3,13,2,0,0,0,0,0,0,0,35,188,0,0,664,33.2,20,0,0.0,5,0
68118.0,0,1,51,595,23,123,10,23,154,2,8,9,4,6,0,0,0,0,0,0,0,52,254,1,1,928,42.18181818181818,23,0,0.0,3,0
68743.0,0,0,81,1132,134,384,175,134,115,1,11,5,13,7,0,0,0,0,0,0,0,48,668,0,0,2074,69.13333333333334,30,0,0.0,3,0
41039.0,0,0,32,34,11,137,179,61,45,1,8,1,5,8,0,0,0,0,0,0,0,33,339,0,0,467,31.133333333333333,15,0,0.0,2,1
38946.0,0,1,84,116,6,82,6,6,41,2,3,1,6,5,0,0,0,0,0,0,0,60,248,1,1,257,23.363636363636363,12,0,0.0,3,1
65777.0,0,0,87,565,32,435,28,32,54,1,2,8,6,1,0,0,0,0,0,0,0,48,192,0,0,1146,67.41176470588235,17,0,0.0,3,1
66476.0,0,1,99,372,18,126,47,48,78,2,5,2,11,4,0,0,0,0,0,0,0,39,479,1,1,689,36.26315789473684,20,0,0.0,5,0
86857.0,0,0,96,899,102,838,133,102,40,1,5,6,10,2,0,0,0,0,0,0,1,43,655,0,0,2114,96.0909090909091,22,0,0.0,5,0
94437.68000000001,0,0,21,55,16,1622,17,3,4,15,0,28,1,0,0,0,0,0,0,0,0,33,694,0,0,1717,57.233333333333334,44,0,0.0,5,1
77845.0,0,0,40,760,40,480,0,40,26,1,3,5,12,1,0,0,1,1,0,0,0,26,44,0,0,1346,64.0952380952381,21,2,0.4,5,1
69476.0,0,0,3,260,86,559,63,9,67,1,4,6,4,2,0,0,0,0,0,0,0,46,272,0,0,1044,69.6,15,0,0.0,5,1
50611.0,0,1,98,459,0,24,6,0,4,6,4,5,7,6,0,1,0,0,0,0,1,55,633,1,1,493,29.0,22,1,0.2,5,0
61209.0,0,0,73,466,0,224,119,49,99,1,5,3,4,2,0,0,0,0,0,0,0,45,308,0,0,957,73.61538461538461,13,0,0.0,3,0
42315.0,0,1,90,67,15,80,17,11,80,3,1,4,4,3,0,0,0,0,0,0,0,57,352,1,1,270,27.0,12,0,0.0,4,1
13084.0,0,0,29,2,0,7,3,7,10,1,1,0,3,6,0,0,0,0,0,0,0,63,239,0,0,29,5.8,5,0,0.0,1,1
47570.0,1,1,3,67,1,20,0,2,31,3,2,2,2,7,0,0,0,0,0,0,1,66,396,2,1,121,17.285714285714285,9,0,0.0,4,0
61923.0,0,2,94,92,4,18,3,3,6,1,2,1,4,3,0,0,0,0,0,0,0,54,338,2,1,126,15.75,8,0,0.0,4,1
34824.0,0,0,65,4,2,11,2,0,4,1,1,0,2,6,0,0,0,0,0,0,0,20,95,0,0,23,5.75,4,0,0.0,3,0
26518.0,1,1,33,20,1,28,3,3,2,3,2,0,3,8,0,0,0,0,0,0,1,66,447,2,1,57,9.5,8,0,0.0,5,0
45938.0,0,0,46,273,11,178,62,83,29,2,8,4,6,6,0,0,0,0,0,0,0,54,238,0,0,636,33.473684210526315,20,0,0.0,3,0
78468.0,0,0,29,434,22,388,104,22,34,1,10,7,10,4,0,0,0,1,0,0,0,55,81,0,0,1004,35.857142857142854,28,1,0.2,3,1
78901.0,0,1,99,321,11,309,33,26,34,3,9,3,5,4,0,0,0,0,0,0,0,42,285,1,1,734,40.77777777777778,20,0,0.0,3,0
71427.0,2,0,26,212,123,177,15,64,23,2,8,2,8,4,0,0,0,0,0,0,0,37,109,2,1,614,32.31578947368421,20,0,0.0,3,1
71022.0,0,1,30,909,12,278,0,12,242,3,5,2,11,8,1,0,0,0,0,0,0,37,138,1,1,1453,76.47368421052632,21,1,0.2,3,0
90247.0,0,0,27,1184,32,352,21,16,16,1,3,4,7,1,0,1,1,1,0,0,1,27,61,0,0,1621,108.06666666666666,15,3,0.6,4,0
41335.0,1,0,24,112,19,21,16,14,5,3,4,1,4,7,0,0,0,0,0,0,0,47,185,1,1,187,18.7,12,0,0.0,4,0
71952.0,1,0,93,656,80,455,52,107,93,2,8,4,8,4,1,0,1,0,0,0,0,29,535,1,1,1443,68.71428571428571,22,2,0.4,3,1
35682.0,1,0,34,23,0,8,6,2,18,1,1,1,3,2,0,0,0,0,0,0,0,45,2,1,1,57,9.5,6,0,0.0,5,0
43185.0,0,1,88,537,6,42,16,6,30,2,9,3,6,8,0,0,0,0,0,0,0,64,445,1,1,637,33.526315789473685,20,0,0.0,3,0
66375.0,0,1,96,712,0,45,0,0,191,3,2,4,5,7,1,0,0,0,0,0,0,67,220,1,1,948,79.0,14,1,0.2,5,1
35178.0,1,0,10,23,1,13,2,2,18,1,1,1,2,7,1,0,0,0,0,0,1,44,535,1,1,59,11.8,5,1,0.2,4,1
25252.0,1,0,26,1,3,4,2,2,6,1,1,0,2,8,0,0,0,0,0,0,0,29,352,1,1,18,4.5,4,0,0.0,3,1
55250.0,0,1,49,664,58,83,32,0,66,4,7,5,10,5,0,0,0,0,0,0,0,50,616,1,1,903,39.26086956521739,26,0,0.0,4,0
33249.0,1,0,11,6,10,21,19,14,42,2,2,1,3,6,0,0,0,0,0,0,0,40,494,1,1,112,16.0,8,0,0.0,3,0
58398.0,0,0,44,299,5,201,21,21,49,3,5,4,8,4,0,0,0,0,0,0,0,62,411,0,0,596,33.111111111111114,20,0,0.0,3,1
50272.0,1,0,75,99,13,66,43,8,4,3,4,1,5,7,0,0,0,0,0,0,0,33,326,1,1,233,21.181818181818183,13,0,0.0,3,1
76618.0,0,0,64,749,40,294,121,160,147,1,3,2,5,1,0,0,0,0,0,0,0,40,569,0,0,1511,137.36363636363637,11,0,0.0,5,1
87305.0,0,0,19,345,25,501,63,138,80,1,5,3,8,2,0,0,1,0,0,0,1,55,644,0,0,1152,67.76470588235294,17,1,0.2,2,0
25851.0,1,0,45,9,4,18,7,5,5,2,2,0,3,7,0,0,0,0,0,0,0,37,503,1,1,48,8.0,7,0,0.0,3,1
58710.0,0,1,77,440,81,368,0,122,174,6,11,5,9,6,0,0,0,0,0,0,0,45,455,1,1,1185,45.57692307692308,31,0,0.0,3,0
45160.0,1,1,9,8,2,5,3,0,3,1,1,0,2,7,0,0,0,0,0,0,0,57,92,2,1,21,5.25,4,0,0.0,3,0
74806.0,0,1,1,670,9,249,0,28,9,2,5,4,5,4,0,0,0,0,0,0,0,50,557,1,1,965,64.33333333333333,16,0,0.0,4,1
59111.0,0,0,90,524,0,134,28,28,155,1,11,1,8,7,0,0,0,0,0,0,0,61,423,0,0,869,41.38095238095238,21,0,0.0,3,1
18988.0,1,0,43,6,0,6,2,1,1,2,1,0,3,7,0,0,0,0,0,0,0,31,37,1,1,16,3.2,6,0,0.0,5,1
72190.0,0,0,79,597,166,597,172,166,249,1,5,6,4,3,0,0,0,0,0,0,0,50,501,0,0,1947,121.6875,16,0,0.0,3,1
7500.0,1,0,19,7,0,12,13,7,32,5,4,1,2,9,1,0,0,0,0,0,1,39,697,1,1,71,8.875,12,1,0.2,3,1
44794.0,0,1,99,54,0,7,0,0,4,1,2,0,3,6,0,0,0,0,0,0,0,49,21,1,1,65,10.833333333333334,6,0,0.0,3,1
80395.0,0,0,62,445,25,706,80,76,48,1,6,5,12,2,0,0,0,1,0,0,0,60,218,0,0,1380,57.5,24,1,0.2,3,1
75012.0,0,0,41,294,142,218,164,58,151,1,3,8,11,1,0,0,0,0,0,0,0,39,155,0,0,1027,44.65217391304348,23,0,0.0,4,0
56962.0,2,1,60,292,3,77,10,3,26,7,6,3,5,7,0,0,0,0,0,0,0,50,261,3,1,411,27.4,21,0,0.0,4,1
89891.0,0,0,17,412,22,132,59,28,183,1,11,6,8,4,0,0,1,0,0,0,0,24,440,0,0,836,32.15384615384615,26,1,0.2,3,1
35946.0,1,1,24,8,0,3,0,0,0,1,0,0,3,5,0,0,0,0,0,0,0,66,275,2,1,11,2.75,4,0,0.0,5,0
53593.0,1,1,60,349,4,78,6,0,43,8,7,2,6,8,0,0,0,0,0,0,0,62,691,2,1,480,30.0,23,0,0.0,5,1
66373.0,1,1,57,328,9,124,12,24,109,7,4,2,10,3,0,0,0,0,0,0,0,37,382,2,1,606,35.64705882352941,23,0,0.0,3,1
45072.0,1,2,74,144,2,99,7,2,30,5,6,1,4,8,0,0,0,0,0,0,0,67,256,3,1,284,23.666666666666668,16,0,0.0,5,0
89694.0,1,1,22,1126,28,211,37,28,42,3,4,3,4,5,0,1,1,1,0,0,0,42,263,2,1,1472,122.66666666666667,14,3,0.6,3,0
72025.0,0,0,46,967,0,617,43,50,0,1,4,8,13,2,0,1,1,1,0,0,1,66,61,0,0,1677,64.5,26,3,0.6,3,1
67432.0,0,1,69,432,79,341,177,136,170,2,8,5,4,4,0,0,0,0,0,0,0,42,457,1,1,1335,74.16666666666667,19,0,0.0,3,1
70545.0,0,1,29,138,39,63,55,18,21,1,4,1,7,2,0,0,0,0,0,0,0,63,26,1,1,334,25.692307692307693,13,0,0.0,4,1
17487.0,1,0,37,0,0,1,7,4,6,1,1,0,2,7,0,0,0,0,0,0,0,26,468,1,1,18,4.5,4,0,0.0,1,1
62882.0,0,1,26,509,133,497,78,24,97,2,7,5,6,4,0,0,0,0,0,0,0,46,689,1,1,1338,70.42105263157895,20,0,0.0,3,1
64108.0,0,1,8,948,10,86,13,21,21,4,6,9,11,5,0,0,0,0,0,0,0,62,463,1,1,1099,40.7037037037037,30,0,0.0,5,0
34941.0,1,1,26,39,2,25,4,3,24,2,3,0,3,8,0,0,0,0,0,0,0,59,480,2,1,97,13.857142857142858,8,0,0.0,4,1
48767.0,1,2,79,28,1,21,3,0,10,3,2,1,3,5,0,0,0,0,0,0,0,65,179,3,1,63,9.0,9,0,0.0,5,0
38702.0,1,0,71,13,11,24,13,8,40,2,3,0,4,6,0,0,0,0,0,0,0,37,332,1,1,109,13.625,9,0,0.0,2,1
82224.0,0,0,83,307,26,360,138,31,40,1,6,9,5,3,0,0,0,1,0,0,0,51,155,0,0,902,42.95238095238095,21,1,0.2,3,1
83844.0,0,0,57,901,31,345,75,31,191,1,4,4,11,1,0,0,1,0,0,0,0,63,413,0,0,1574,78.7,20,1,0.2,3,1
17003.0,1,0,37,2,5,12,4,8,7,3,2,0,4,5,0,0,0,0,0,0,0,40,202,1,1,38,5.428571428571429,9,0,0.0,2,1
71163.0,0,0,30,283,17,372,138,106,44,1,3,8,12,1,0,0,0,0,0,0,0,20,112,0,0,960,40.0,24,0,0.0,3,0
33697.0,1,0,34,4,3,7,0,3,11,1,1,0,2,7,1,0,0,0,0,0,0,45,287,1,1,28,7.0,4,1,0.2,3,0
63564.0,0,0,0,769,80,252,15,34,65,1,10,10,7,6,1,0,0,0,0,0,1,61,151,0,0,1215,43.392857142857146,28,1,0.2,2,1
83443.0,0,0,89,518,42,742,55,56,84,1,6,10,5,2,0,0,0,0,0,0,0,43,180,0,0,1497,68.04545454545455,22,0,0.0,5,1
51518.0,0,1,92,350,8,66,17,4,4,2,3,2,10,3,0,0,0,0,0,0,0,57,269,1,1,449,28.0625,17,0,0.0,5,1
58330.0,0,1,87,445,53,213,104,98,151,1,6,4,13,4,0,0,0,0,0,0,0,40,186,1,1,1064,44.333333333333336,24,0,0.0,3,0
80952.0,0,0,20,778,178,689,41,27,44,1,8,5,11,8,0,1,1,1,0,0,1,46,486,0,0,1757,70.28,25,3,0.6,3,1
75507.0,0,0,56,709,93,374,104,80,80,1,8,6,6,3,0,0,0,0,0,0,0,36,58,0,0,1440,68.57142857142857,21,0,0.0,3,1
63855.0,0,0,28,359,35,314,93,116,89,1,7,3,13,4,0,0,0,0,0,0,0,37,505,0,0,1006,41.916666666666664,24,0,0.0,2,1
62220.0,0,1,55,799,12,375,16,12,12,5,7,6,5,6,0,0,0,0,0,0,1,43,687,1,1,1226,64.52631578947368,23,0,0.0,5,1
58512.0,0,1,25,895,10,101,13,0,152,5,3,4,8,8,0,0,0,0,0,0,0,51,283,1,1,1171,73.1875,20,0,0.0,3,1
40662.0,1,0,0,40,2,23,0,4,23,2,2,1,3,4,0,0,0,0,0,0,0,36,471,1,1,92,13.142857142857142,8,0,0.0,4,1
38829.0,0,1,86,76,0,7,0,0,16,1,3,2,2,5,0,0,0,0,0,0,0,56,84,1,1,99,12.375,8,0,0.0,5,1
35523.0,1,0,8,11,5,22,12,5,11,2,3,0,3,7,0,0,0,0,0,0,0,34,269,1,1,66,9.428571428571429,8,0,0.0,2,1
79146.0,1,1,33,245,16,223,21,43,16,2,8,1,8,6,0,0,0,0,0,0,0,48,66,2,1,564,31.333333333333332,19,0,0.0,3,0
78285.0,0,0,13,647,107,391,175,67,40,1,6,4,10,3,0,0,0,0,0,0,0,27,244,0,0,1427,67.95238095238095,21,0,0.0,4,1
31626.0,1,0,12,39,1,9,2,1,34,1,2,1,2,7,1,0,0,0,0,0,1,37,415,1,1,86,14.333333333333334,6,1,0.2,5,0
75127.0,0,0,92,203,35,305,46,17,227,1,2,11,5,1,0,0,0,0,0,0,0,63,38,0,0,833,43.8421052631579,19,0,0.0,3,0
48726.0,0,1,90,138,3,38,4,0,59,3,3,2,4,6,0,0,0,0,0,0,0,60,428,1,1,242,24.2,12,0,0.0,3,1
74985.0,0,0,8,587,51,898,247,0,86,1,3,6,7,2,0,0,0,0,0,0,0,38,656,0,0,1869,109.94117647058823,17,0,0.0,3,1
67430.0,0,0,6,595,97,291,127,133,121,1,11,5,12,6,0,0,0,0,0,0,0,28,662,0,0,1364,47.03448275862069,29,0,0.0,3,1
46891.0,0,1,91,43,12,23,29,15,61,1,2,1,4,4,0,0,0,0,0,0,0,50,301,1,1,183,22.875,8,0,0.0,2,1
62058.0,0,1,52,301,7,74,10,0,58,4,6,1,7,6,0,0,0,0,0,0,0,59,399,1,1,450,30.0,18,0,0.0,4,1
72063.0,0,1,3,180,32,348,76,32,90,2,5,2,12,2,0,0,0,0,0,0,0,36,361,1,1,758,37.9,21,0,0.0,3,1
78939.0,0,0,57,794,115,243,150,0,205,1,8,5,6,3,0,0,0,0,0,0,0,64,199,0,0,1507,75.35,20,0,0.0,5,1
42720.0,1,1,9,392,5,91,28,26,112,8,7,3,7,8,0,0,0,0,0,0,1,50,431,2,1,654,36.333333333333336,25,0,0.0,3,0
33622.0,1,1,22,39,1,22,3,4,12,3,2,0,4,7,0,0,0,0,0,0,0,43,442,2,1,81,11.571428571428571,9,0,0.0,3,1
6835.0,0,1,76,107,2,12,2,2,12,0,0,0,1,20,0,0,0,0,0,0,0,58,568,1,1,137,68.5,1,0,0.0,5,1
41452.0,1,1,86,13,0,3,0,0,0,1,1,0,2,7,0,0,0,0,0,0,0,62,480,2,1,16,4.0,4,0,0.0,3,1
40760.0,0,1,64,70,0,17,0,0,6,2,2,1,3,6,0,0,0,0,0,0,0,50,303,1,1,93,13.285714285714286,8,0,0.0,5,0
74250.0,0,0,90,680,11,392,75,0,0,1,2,11,4,1,0,0,0,0,0,0,0,57,154,0,0,1158,64.33333333333333,18,0,0.0,5,1
51124.0,1,1,79,26,1,11,0,1,4,2,1,0,3,3,0,0,0,0,0,0,0,60,193,2,1,43,8.6,6,0,0.0,4,0
72258.0,0,1,28,522,0,522,227,120,134,2,6,9,5,2,0,0,0,0,0,0,0,44,290,1,1,1525,72.61904761904762,22,0,0.0,3,0
71466.0,0,0,86,412,12,546,78,182,0,1,4,4,10,1,0,0,0,0,0,0,0,41,85,0,0,1230,64.73684210526316,19,0,0.0,5,0
36283.0,1,1,42,6,5,5,8,0,5,2,1,0,3,4,0,0,0,0,0,0,0,39,76,2,1,29,5.8,6,0,0.0,3,1
20587.0,1,0,39,2,3,6,4,1,9,1,1,1,2,7,0,0,0,0,0,0,0,45,49,1,1,25,5.0,5,0,0.0,3,0
30467.0,1,0,8,1,3,8,2,5,5,1,1,0,2,7,0,0,0,0,0,0,0,43,102,1,1,24,6.0,4,0,0.0,3,1
31590.0,1,0,40,6,2,15,6,6,3,1,1,0,3,8,0,0,0,0,0,0,0,43,376,1,1,38,7.6,5,0,0.0,3,1
20425.0,1,0,5,4,12,5,3,16,17,2,2,0,3,7,0,0,0,0,0,0,0,29,608,1,1,57,9.5,7,0,0.0,1,1
17144.0,1,1,96,18,2,19,0,2,6,5,3,0,4,7,0,0,0,0,0,0,0,55,134,2,1,47,5.875,12,0,0.0,4,1
42564.0,0,1,28,324,48,186,39,18,198,6,6,8,4,7,1,0,0,0,0,0,1,47,543,1,1,813,42.78947368421053,24,1,0.2,5,0
43783.0,1,0,22,327,9,125,25,4,139,6,7,1,8,7,1,0,0,0,0,0,0,37,31,1,1,629,37.0,22,1,0.2,4,1
40780.0,0,1,30,229,27,71,13,3,34,4,7,1,5,9,0,0,0,0,0,0,0,39,659,1,1,377,26.928571428571427,17,0,0.0,3,0
62847.0,0,0,45,521,168,706,80,76,61,1,3,6,4,2,0,0,0,0,0,0,0,70,530,0,0,1612,115.14285714285714,14,0,0.0,4,1
82017.0,0,0,58,184,23,446,30,23,23,1,5,4,7,2,0,1,1,1,0,0,1,58,599,0,0,729,42.88235294117647,17,3,0.6,5,1
16813.0,0,0,49,4,8,11,12,2,13,1,2,0,3,7,1,0,0,0,0,0,0,65,345,0,0,50,8.333333333333334,6,1,0.2,3,0
51267.0,1,1,37,183,2,64,7,2,12,4,3,3,5,4,0,0,0,0,0,0,0,37,243,2,1,270,22.5,15,0,0.0,3,1
46524.0,0,1,70,31,19,35,26,14,52,2,1,1,5,3,0,0,0,0,0,0,0,54,450,1,1,177,22.125,9,0,0.0,3,0
45183.0,0,0,33,219,3,60,12,9,12,1,4,1,7,7,0,1,0,0,0,0,0,53,525,0,0,315,24.23076923076923,13,1,0.2,4,0
70421.0,0,1,98,479,28,136,75,14,35,3,10,3,7,6,0,0,0,0,0,0,0,61,1,1,1,767,36.523809523809526,23,0,0.0,5,1
60161.0,0,1,17,584,44,212,46,8,177,3,11,4,8,8,0,0,0,0,0,0,0,50,614,1,1,1071,44.625,26,0,0.0,2,0
73926.0,0,0,54,627,91,597,159,91,15,1,6,5,12,3,0,0,0,0,0,0,0,42,484,0,0,1580,65.83333333333333,24,0,0.0,3,1
19329.0,1,0,39,24,1,16,12,2,5,3,4,0,3,8,0,0,0,0,0,0,0,47,197,1,1,60,7.5,10,0,0.0,3,1
61872.0,0,1,81,330,5,159,36,27,16,4,4,4,9,4,0,0,0,0,0,0,0,45,198,1,1,573,31.833333333333332,21,0,0.0,4,1
46984.0,1,1,71,19,1,10,2,1,8,1,1,0,3,5,0,0,0,0,0,0,0,59,460,2,1,41,8.2,5,0,0.0,3,0
34838.0,1,1,62,28,23,29,29,14,47,3,2,1,4,6,0,0,0,0,0,0,0,64,526,2,1,170,21.25,10,0,0.0,3,1
82716.0,0,0,8,606,148,228,15,148,22,1,6,8,13,2,0,0,0,0,0,0,0,71,236,0,0,1167,41.67857142857143,28,0,0.0,5,0
48192.0,0,0,76,1039,43,204,153,58,29,3,2,8,12,8,0,1,0,1,1,0,1,57,449,0,0,1526,66.34782608695652,25,3,0.6,3,1
49681.0,0,2,66,411,0,26,0,0,21,6,7,1,7,7,0,0,0,0,0,0,0,39,237,2,1,458,28.625,21,0,0.0,4,1
56850.0,0,1,83,34,1,19,2,7,0,1,1,1,3,2,0,0,0,0,0,0,0,44,98,1,1,63,10.5,6,0,0.0,4,1
55267.0,0,1,28,161,28,136,32,3,45,4,3,4,6,3,0,0,0,0,0,0,0,58,251,1,1,405,28.928571428571427,17,0,0.0,3,1
59666.0,1,1,87,623,53,178,23,17,133,7,3,2,8,8,0,1,0,0,0,0,0,43,464,2,1,1027,73.35714285714286,20,1,0.2,3,1
72504.0,0,1,43,604,26,470,123,161,94,2,5,9,6,2,0,0,0,0,0,0,0,43,449,1,1,1478,70.38095238095238,22,0,0.0,3,0
26872.0,0,0,0,3,10,8,3,16,32,1,1,1,2,6,0,0,0,0,0,0,0,34,256,0,0,72,14.4,5,0,0.0,3,1
21359.0,1,0,1,12,2,17,6,1,10,2,2,0,3,8,0,0,0,0,0,0,1,43,435,1,1,48,8.0,7,0,0.0,3,0
73170.0,0,0,1,184,174,256,50,30,32,1,5,4,6,2,0,0,0,0,0,0,0,40,29,0,0,726,45.375,16,0,0.0,3,0
52750.0,0,1,72,393,0,239,90,69,69,6,5,7,9,4,0,0,0,0,0,0,0,60,510,1,1,860,39.09090909090909,27,0,0.0,4,1
91820.0,0,0,72,410,73,747,76,161,30,0,5,5,12,1,0,0,0,0,0,0,0,29,218,0,0,1497,65.08695652173913,22,0,0.0,5,1
65968.0,0,1,12,376,9,83,19,4,4,2,5,4,7,3,0,0,0,0,0,0,0,45,48,1,1,495,29.11764705882353,18,0,0.0,5,1
30772.0,1,1,89,7,2,4,2,1,4,1,1,0,2,6,0,0,0,0,0,0,0,39,109,2,1,20,5.0,4,0,0.0,3,1
22507.0,0,0,67,68,0,226,51,157,68,3,10,2,4,9,0,0,0,0,0,0,0,61,582,0,0,570,33.529411764705884,19,0,0.0,3,0
65685.0,0,1,54,642,14,49,0,7,57,1,9,2,9,5,0,0,0,0,0,0,0,43,92,1,1,769,36.61904761904762,21,0,0.0,3,1
25804.0,1,0,34,8,7,9,13,6,12,2,2,0,3,8,0,0,0,0,0,0,0,37,301,1,1,55,9.166666666666666,7,0,0.0,2,1
76412.0,0,0,15,840,53,804,23,71,17,1,5,4,8,3,0,0,1,1,0,0,1,35,420,0,0,1808,100.44444444444444,18,2,0.4,5,0
22063.0,1,0,43,7,10,13,3,11,11,2,2,0,3,7,0,0,0,0,0,0,0,43,325,1,1,55,9.166666666666666,7,0,0.0,3,1
57091.0,0,0,0,464,5,64,7,0,37,1,7,3,7,5,0,0,0,0,1,0,1,54,14,0,0,577,32.05555555555556,18,1,0.2,3,0
22419.0,0,0,74,30,3,47,19,21,42,1,3,2,2,8,0,0,0,0,0,0,0,52,437,0,0,162,20.25,8,0,0.0,3,1
87771.0,0,1,61,1492,38,287,50,57,33,1,5,10,4,6,0,1,1,1,1,0,1,56,403,1,1,1957,97.85,20,4,0.8,3,1
78353.0,0,1,51,752,122,476,39,153,34,1,10,2,11,8,0,0,0,0,0,0,0,56,439,1,1,1576,65.66666666666667,24,0,0.0,2,0
93404.0,1,2,97,1279,15,287,20,0,15,3,3,4,7,5,0,1,1,0,0,0,0,61,418,3,1,1616,107.73333333333333,17,2,0.4,3,1
37859.0,1,2,75,22,1,8,2,1,2,2,1,0,3,8,0,0,0,0,0,0,0,53,533,3,1,36,7.2,6,0,0.0,3,0
80995.0,0,1,83,860,28,409,73,56,56,1,8,9,4,4,0,0,0,0,0,0,0,57,414,1,1,1482,67.36363636363636,22,0,0.0,5,0
16529.0,1,0,23,3,0,5,13,0,1,1,1,0,3,6,0,0,0,0,0,0,0,31,120,1,1,22,4.4,5,0,0.0,3,1
55412.0,1,1,65,10,5,28,11,1,8,1,2,0,3,5,0,0,0,0,0,0,0,39,219,2,1,63,10.5,6,0,0.0,5,0
48789.0,0,0,94,351,16,156,7,5,145,1,6,4,7,6,0,0,0,0,0,0,0,23,657,0,0,680,37.77777777777778,18,0,0.0,3,0
56575.0,0,2,42,421,5,90,0,16,10,3,7,3,7,5,0,0,0,0,0,0,0,48,420,2,1,542,30.11111111111111,20,0,0.0,5,1
25130.0,1,0,10,2,5,7,0,18,18,2,2,0,3,7,0,0,0,0,0,0,0,35,270,1,1,50,8.333333333333334,7,0,0.0,2,1
35441.0,1,1,94,25,1,9,2,1,1,2,1,0,3,8,0,0,0,0,0,0,0,48,500,2,1,39,7.8,6,0,0.0,3,1
71391.0,0,1,50,336,123,274,46,123,141,5,6,5,12,3,0,0,0,0,0,0,0,59,457,1,1,1043,43.458333333333336,28,0,0.0,3,1
49494.0,1,0,46,191,9,97,0,6,82,2,6,1,5,7,0,0,0,0,0,0,0,43,430,1,1,385,29.615384615384617,14,0,0.0,4,0
81702.0,0,0,98,563,50,774,28,31,187,1,7,7,12,3,0,0,0,0,0,0,0,35,644,0,0,1633,60.48148148148148,27,0,0.0,3,0
45889.0,0,1,42,31,0,6,0,1,8,1,1,0,3,6,0,0,0,0,0,0,0,35,362,1,1,46,9.2,5,0,0.0,2,0
56628.0,0,1,30,479,5,82,7,17,171,2,7,6,5,5,1,0,0,0,0,0,0,38,100,1,1,761,40.05263157894737,20,1,0.2,3,0
34026.0,1,1,11,18,6,15,12,8,17,3,2,1,3,5,0,0,0,0,0,0,0,65,328,2,1,76,10.857142857142858,9,0,0.0,3,1
40049.0,0,1,61,91,65,52,10,44,28,3,3,2,6,5,0,0,0,0,0,0,0,41,577,1,1,290,24.166666666666668,14,0,0.0,3,1
34176.0,1,0,12,5,7,24,19,14,20,4,3,0,4,6,0,0,0,0,0,0,0,27,48,1,1,89,11.125,11,0,0.0,3,0
19419.0,1,0,76,2,14,28,16,3,7,4,4,0,3,9,0,0,0,0,0,0,0,34,596,1,1,70,8.75,11,0,0.0,3,1
82504.0,0,0,2,362,50,431,134,35,54,1,3,6,7,1,0,0,0,0,0,0,0,55,337,0,0,1066,62.705882352941174,17,0,0.0,2,1
81205.0,0,0,43,724,74,929,97,55,130,1,5,6,7,2,1,0,1,0,1,0,1,45,167,0,0,2009,105.73684210526316,19,3,0.6,3,1
61618.0,0,0,27,605,91,399,0,45,205,2,3,6,8,3,0,0,0,0,0,0,0,24,638,0,0,1345,74.72222222222223,19,0,0.0,2,0
55284.0,0,1,60,547,7,140,0,7,63,3,7,5,8,5,0,0,0,0,0,0,0,59,552,1,1,764,36.38095238095238,23,0,0.0,4,0
49980.0,0,1,79,104,1,54,13,9,14,2,3,1,5,5,0,0,0,0,0,0,0,52,249,1,1,195,19.5,11,0,0.0,3,0
15072.0,2,0,96,8,2,15,0,10,18,4,3,1,3,5,0,0,0,0,0,0,0,35,415,2,1,53,6.625,11,0,0.0,3,1
49166.0,0,1,17,224,2,25,7,0,110,2,5,3,3,6,0,0,0,0,0,0,0,41,381,1,1,368,30.666666666666668,13,0,0.0,3,0
65324.0,0,1,0,384,0,102,21,32,5,3,6,2,9,4,0,0,0,0,0,0,0,61,169,1,1,544,30.22222222222222,20,0,0.0,5,1
82347.0,0,0,38,556,54,845,202,133,63,1,7,7,10,3,1,0,0,1,0,0,0,58,600,0,0,1853,74.12,25,2,0.4,2,1
30843.0,1,1,43,24,0,2,0,0,9,2,1,1,2,5,1,0,0,0,0,0,0,49,34,2,1,35,7.0,6,1,0.2,5,1
46374.0,0,1,1,408,0,21,0,0,17,3,7,1,7,8,0,1,0,1,0,0,1,41,104,1,1,446,27.875,18,2,0.4,5,1
60474.0,0,1,25,265,199,303,234,9,170,7,10,2,12,7,0,0,0,0,0,0,0,36,454,1,1,1180,47.2,31,0,0.0,3,0
38576.0,0,1,2,34,0,7,0,0,0,1,1,0,3,7,0,0,0,0,0,0,0,42,117,1,1,41,8.2,5,0,0.0,4,1
55357.0,2,0,66,374,64,116,84,25,64,3,6,2,11,5,0,0,0,0,0,0,0,30,495,2,1,727,36.35,22,0,0.0,3,1
37758.0,1,1,49,27,2,10,0,0,1,2,1,0,3,8,0,0,0,0,0,0,0,49,633,2,1,40,8.0,6,0,0.0,3,1
85710.0,0,0,5,600,20,350,29,30,33,1,6,9,10,2,0,0,1,0,0,0,0,26,420,0,0,1062,40.84615384615385,26,1,0.2,2,1
23228.0,1,0,71,13,2,18,6,1,0,2,2,0,3,8,0,0,0,0,0,0,0,46,154,1,1,40,6.666666666666667,7,0,0.0,3,1
44602.0,1,1,35,167,2,89,0,0,34,6,6,1,4,8,0,0,0,0,0,0,0,46,134,2,1,292,24.333333333333332,17,0,0.0,4,1
7500.0,0,0,94,0,2,3,4,1,5,1,0,0,3,6,0,0,0,0,0,0,0,28,536,0,0,15,3.75,4,0,0.0,3,1
38683.0,1,0,80,46,35,69,84,41,66,6,4,1,6,7,0,0,0,0,0,0,0,26,633,1,1,341,28.416666666666668,17,0,0.0,2,1
49514.0,1,0,61,88,39,78,58,13,93,2,6,1,4,7,0,0,0,0,0,0,0,40,194,1,1,369,30.75,13,0,0.0,2,0
57906.0,0,1,29,243,11,119,10,3,15,3,4,2,8,4,0,0,0,0,0,0,0,42,383,1,1,401,26.733333333333334,17,0,0.0,5,1
43456.0,0,1,0,275,11,68,25,7,7,3,5,1,8,5,0,0,0,0,0,0,0,49,460,1,1,393,26.2,17,0,0.0,4,0
19485.0,2,0,80,6,0,4,0,0,0,1,1,0,2,7,0,0,0,0,0,0,0,29,278,2,1,10,2.5,4,0,0.0,4,0
53172.0,0,1,54,121,62,90,68,20,125,3,2,3,8,3,0,0,0,0,0,0,0,37,419,1,1,486,34.714285714285715,16,0,0.0,3,1
30545.0,1,0,71,4,12,15,19,7,12,2,2,0,3,7,0,0,0,0,0,0,0,36,620,1,1,69,11.5,7,0,0.0,3,1
70123.0,0,0,27,1308,0,396,23,0,0,1,5,7,4,3,0,1,0,0,1,0,0,32,274,0,0,1727,101.58823529411765,17,2,0.4,5,1
62450.0,0,1,61,515,47,267,62,66,38,2,5,5,4,3,0,1,0,0,0,0,0,56,174,1,1,995,66.33333333333333,16,1,0.2,3,0
21675.0,1,0,55,4,0,16,17,4,4,3,4,0,3,7,0,0,0,0,0,0,0,39,18,1,1,45,5.625,10,0,0.0,3,1
42395.0,1,1,35,48,13,57,24,15,25,4,3,1,4,7,0,0,0,0,0,0,0,34,86,2,1,182,20.22222222222222,12,0,0.0,2,0
61346.0,1,0,34,562,58,168,43,16,142,1,5,7,10,3,0,0,0,0,0,0,0,37,266,1,1,989,43.0,23,0,0.0,4,1
80812.0,0,0,95,769,22,500,210,143,33,1,4,8,5,2,1,0,1,1,0,0,0,62,285,0,0,1677,93.16666666666667,18,3,0.6,3,1
42835.0,1,1,64,379,4,93,12,9,98,7,6,6,4,6,0,0,0,0,0,0,0,44,364,2,1,595,35.0,23,0,0.0,4,0
39922.0,1,0,30,29,12,59,19,1,36,2,3,0,4,8,0,0,0,0,0,0,0,32,500,1,1,156,19.5,9,0,0.0,3,1
86424.0,0,0,12,387,68,569,89,45,68,1,6,9,12,1,0,0,0,0,0,0,0,59,85,0,0,1226,43.785714285714285,28,0,0.0,4,0
17117.0,1,0,96,12,23,38,30,18,7,4,3,1,3,9,0,0,0,0,0,0,0,37,528,1,1,128,16.0,11,0,0.0,2,1
24762.0,1,0,16,6,10,12,3,15,40,3,3,1,2,8,1,0,0,0,0,0,1,43,139,1,1,86,12.285714285714286,9,1,0.2,3,0
35797.0,0,1,16,27,1,14,4,1,21,2,2,0,3,8,0,0,0,0,0,0,0,40,621,1,1,68,11.333333333333334,7,0,0.0,3,1
36627.0,2,0,78,9,1,5,0,0,1,1,0,0,3,5,0,0,0,0,0,0,0,40,341,2,1,16,4.0,4,0,0.0,3,0
51111.0,1,1,83,22,0,19,6,5,3,2,2,0,3,6,0,0,0,0,0,0,0,34,10,2,1,55,9.166666666666666,7,0,0.0,2,1
86857.0,0,0,96,899,102,838,133,102,40,1,5,6,10,2,0,0,0,0,0,0,1,43,655,0,0,2114,96.0909090909091,22,0,0.0,5,0
82072.0,0,0,67,889,55,685,168,92,129,1,3,2,13,1,0,0,0,0,0,0,0,45,362,0,0,2018,106.21052631578948,19,0,0.0,5,1
46231.0,2,1,87,189,2,55,0,5,12,4,6,1,4,9,0,0,0,0,0,0,0,62,580,3,1,263,21.916666666666668,15,0,0.0,5,0
42243.0,1,1,34,48,0,2,0,0,5,2,2,0,3,7,0,0,0,0,0,0,0,56,200,2,1,55,9.166666666666666,7,0,0.0,3,1
51195.0,1,1,46,230,14,156,82,24,58,8,9,2,5,8,0,0,0,0,0,0,0,53,454,2,1,564,33.1764705882353,24,0,0.0,3,1
68092.0,0,0,7,852,60,207,78,36,48,2,2,6,10,5,0,0,0,0,0,0,0,37,195,0,0,1281,67.42105263157895,20,0,0.0,4,0
31814.0,1,0,73,35,3,20,4,1,20,2,2,0,3,9,1,0,0,0,0,0,0,42,505,1,1,83,13.833333333333334,7,1,0.2,3,1
51390.0,1,1,54,205,20,47,23,2,56,6,5,2,5,5,0,0,0,0,0,0,0,50,659,2,1,353,27.153846153846153,18,0,0.0,4,0
76630.0,0,0,93,255,31,446,40,56,175,1,3,10,11,1,0,0,0,0,0,0,0,32,166,0,0,1003,40.12,25,0,0.0,3,1
26868.0,1,0,52,0,0,1,8,3,2,1,1,0,2,7,0,0,0,0,0,0,0,24,60,1,1,14,3.5,4,0,0.0,1,0
48948.0,0,0,53,437,8,206,160,49,42,2,7,10,5,6,1,0,0,0,0,0,1,72,513,0,0,902,39.21739130434783,24,1,0.2,5,0
55260.0,0,1,81,825,8,53,11,0,242,2,8,10,5,6,0,0,0,0,0,0,0,43,564,1,1,1139,47.458333333333336,25,0,0.0,5,0
64090.0,0,1,8,316,58,161,76,51,135,1,6,9,4,5,0,0,0,0,0,0,1,59,326,1,1,797,39.85,20,0,0.0,3,1
78331.0,0,1,97,756,138,354,160,169,61,2,10,6,7,4,0,0,0,0,0,0,0,57,157,1,1,1638,68.25,25,0,0.0,3,0
37087.0,1,0,50,194,55,134,15,0,3,3,4,2,8,6,0,0,0,0,0,0,0,41,322,1,1,401,26.733333333333334,17,0,0.0,5,1
21846.0,1,0,38,7,17,18,6,10,26,4,4,0,3,8,0,0,0,0,0,0,0,29,250,1,1,84,10.5,11,0,0.0,3,0
81320.0,0,0,61,183,33,493,59,103,57,1,4,3,10,2,0,0,0,0,0,0,0,57,508,0,0,928,51.55555555555556,18,0,0.0,3,1
54137.0,0,1,46,171,0,11,0,1,20,2,4,1,4,6,0,0,0,0,0,0,0,45,317,1,1,203,20.3,11,0,0.0,3,0
66825.0,0,0,73,243,101,405,29,40,40,1,4,5,6,2,0,0,0,0,0,0,0,48,350,0,0,858,53.625,16,0,0.0,3,1
57100.0,0,0,19,181,21,69,39,3,96,1,3,3,6,3,0,0,0,0,0,0,0,42,207,0,0,409,31.46153846153846,13,0,0.0,3,1
58917.0,1,2,10,151,7,89,0,7,28,5,4,1,6,5,0,0,0,0,0,0,0,46,462,3,1,282,23.5,16,0,0.0,3,1
85072.0,0,0,94,494,92,391,194,11,241,1,3,4,10,0,0,0,0,0,0,0,0,38,81,0,0,1423,79.05555555555556,18,0,0.0,3,0
86429.0,0,0,10,464,28,873,29,18,37,0,7,4,7,2,0,0,0,1,0,0,1,54,220,0,0,1449,76.26315789473684,18,1,0.2,3,0
45684.0,1,0,37,5,1,5,10,0,7,1,1,0,2,7,0,0,0,0,0,0,0,44,209,1,1,28,7.0,4,0,0.0,3,0
47889.0,1,0,94,29,0,29,0,5,4,1,2,0,3,5,0,0,0,0,0,0,0,41,176,1,1,67,11.166666666666666,6,0,0.0,3,1
45921.0,0,0,23,102,9,49,24,3,12,1,2,1,6,4,0,0,0,0,0,0,0,29,111,0,0,199,19.9,10,0,0.0,5,1
78420.0,0,0,75,604,28,674,91,28,28,1,3,10,8,1,0,0,0,0,0,0,0,49,365,0,0,1453,66.04545454545455,22,0,0.0,5,0
75114.0,0,0,40,571,12,523,63,60,24,1,3,10,5,2,0,0,0,0,0,0,0,23,234,0,0,1253,65.94736842105263,19,0,0.0,3,1
52278.0,0,1,24,953,0,71,0,0,174,6,10,5,10,8,0,0,0,0,0,0,1,52,520,1,1,1198,46.07692307692308,31,0,0.0,5,0
35641.0,1,0,11,63,3,67,8,9,28,2,3,1,4,7,0,0,0,0,0,0,1,43,350,1,1,178,19.77777777777778,10,0,0.0,4,1
94437.68000000001,0,0,29,770,29,890,250,27,24,1,7,3,7,3,0,0,1,0,0,0,1,21,573,0,0,1990,110.55555555555556,18,1,0.2,3,0
62820.0,0,0,51,398,61,265,138,61,53,1,3,4,6,1,0,0,0,0,0,0,0,61,414,0,0,976,69.71428571428571,14,0,0.0,3,1
73113.0,0,0,86,741,19,154,50,9,28,1,3,4,7,2,0,0,0,0,0,0,0,55,185,0,0,1001,66.73333333333333,15,0,0.0,4,1
84169.0,0,0,9,1478,19,403,0,19,0,1,7,6,6,3,0,1,1,0,0,0,1,33,326,0,0,1919,95.95,20,2,0.4,5,1
42607.0,0,1,30,156,29,56,30,32,47,2,3,2,7,3,0,0,0,0,0,0,0,61,224,1,1,350,26.923076923076923,14,0,0.0,2,0
74637.0,0,0,73,960,64,464,146,0,16,1,6,9,9,3,0,0,0,1,0,0,0,61,407,0,0,1650,66.0,25,1,0.2,5,0
46015.0,1,1,25,38,0,2,0,0,6,1,1,0,3,7,1,0,0,0,1,0,0,60,77,2,1,46,9.2,5,2,0.4,5,1
72354.0,0,0,67,315,26,473,220,12,182,1,2,10,6,1,0,0,0,0,0,0,0,22,438,0,0,1228,64.63157894736842,19,0,0.0,3,0
39858.0,1,0,67,15,20,25,2,7,26,1,2,0,4,6,0,0,0,0,0,0,1,46,521,1,1,95,13.571428571428571,7,0,0.0,4,0
34469.0,1,1,58,19,6,20,0,5,12,3,1,1,4,4,0,0,0,0,0,0,0,67,56,2,1,62,8.857142857142858,9,0,0.0,5,1
83033.0,1,0,82,812,99,431,237,149,33,1,11,4,10,5,0,0,0,1,0,0,0,29,42,1,1,1761,67.73076923076923,26,1,0.2,3,1
24401.0,0,0,98,73,28,217,10,24,115,3,6,1,6,8,0,0,0,0,0,0,0,36,667,0,0,467,33.357142857142854,16,0,0.0,4,1
77583.0,0,0,93,372,23,384,250,12,108,1,4,5,9,2,0,0,0,1,0,0,0,37,139,0,0,1149,60.473684210526315,19,1,0.2,3,1
74116.0,0,0,53,871,111,704,145,55,166,1,4,4,10,2,0,1,0,0,0,0,0,33,181,0,0,2052,108.0,19,1,0.2,2,0
74293.0,0,0,66,375,152,335,93,91,81,1,5,4,6,2,0,0,0,0,0,0,0,22,56,0,0,1127,70.4375,16,0,0.0,3,0
68397.0,0,1,6,760,80,466,17,13,80,1,6,9,5,3,0,0,0,0,0,0,0,39,224,1,1,1416,67.42857142857143,21,0,0.0,5,1
79632.0,0,0,42,471,0,510,99,21,12,1,6,4,9,2,0,0,0,0,0,0,0,41,82,0,0,1113,55.65,20,0,0.0,5,1
46107.0,1,0,78,31,9,27,16,9,33,1,1,1,4,3,0,0,0,0,0,0,0,26,139,1,1,125,17.857142857142858,7,0,0.0,3,0
64950.0,0,1,29,819,0,72,12,0,63,2,11,2,10,7,0,1,0,0,0,0,0,64,686,1,1,966,40.25,25,1,0.2,5,0
25443.0,1,0,82,1,4,3,8,9,7,1,1,0,3,8,0,0,0,0,0,0,0,26,554,1,1,32,6.4,5,0,0.0,1,1
75127.0,0,0,92,203,35,305,46,17,227,1,2,11,5,1,0,0,0,0,0,0,0,63,38,0,0,833,43.8421052631579,19,0,0.0,3,0
32892.0,1,0,78,26,0,15,2,1,2,2,3,0,3,8,0,0,0,0,0,0,0,44,35,1,1,46,6.571428571428571,8,0,0.0,5,1
71796.0,0,0,54,354,21,311,167,75,32,1,9,3,4,4,0,0,0,0,0,0,0,44,248,0,0,960,56.470588235294116,17,0,0.0,3,1
67536.0,0,1,45,1253,0,447,23,71,35,3,11,5,11,8,0,0,0,1,0,0,0,45,403,1,1,1829,65.32142857142857,30,1,0.2,5,1
55239.0,0,1,59,371,17,238,23,24,106,3,7,5,11,5,0,0,0,0,0,0,0,44,350,1,1,779,32.458333333333336,26,0,0.0,3,0
60554.0,1,0,8,588,7,76,110,15,15,2,8,4,9,6,0,0,0,0,0,0,0,40,324,1,1,811,36.86363636363637,23,0,0.0,5,0
64831.0,1,1,51,480,86,249,75,86,144,8,6,3,5,6,0,0,0,0,0,0,0,63,384,2,1,1120,74.66666666666667,22,0,0.0,2,0
56067.0,0,1,51,517,12,54,16,6,120,2,7,4,7,5,0,0,0,0,0,0,0,53,344,1,1,725,38.1578947368421,20,0,0.0,5,1
82025.0,0,0,76,267,98,606,48,70,98,1,3,2,6,1,0,0,1,0,0,0,1,32,397,0,0,1187,98.91666666666667,12,1,0.2,3,0
94384.0,0,0,62,1111,24,790,160,45,172,0,5,8,5,2,0,1,1,1,0,0,1,62,482,0,0,2302,121.15789473684211,18,3,0.6,3,1
14906.0,0,0,86,7,7,14,7,16,15,3,2,1,3,7,0,0,0,0,0,0,0,29,554,0,0,66,9.428571428571429,9,0,0.0,1,0
51563.0,0,0,60,1166,0,48,0,0,36,1,4,4,10,8,0,1,1,0,0,0,0,28,636,0,0,1250,65.78947368421052,19,2,0.4,5,1
57937.0,0,1,56,261,42,144,55,48,133,3,4,4,9,3,0,0,0,0,0,0,0,33,133,1,1,683,37.94444444444444,20,0,0.0,2,1
68274.0,1,1,83,135,25,51,23,25,46,2,4,2,5,3,0,0,0,0,0,0,0,36,272,2,1,305,25.416666666666668,13,0,0.0,3,0
39771.0,1,0,92,6,2,18,2,8,14,1,2,0,3,4,0,0,0,0,0,0,0,38,205,1,1,50,8.333333333333334,6,0,0.0,3,1
67893.0,0,1,31,711,28,142,49,18,47,2,3,2,9,8,0,0,0,0,0,0,0,40,636,1,1,995,66.33333333333333,16,0,0.0,2,0
27922.0,1,0,80,11,0,13,2,4,11,1,2,0,3,4,0,0,0,0,0,0,0,36,50,1,1,41,6.833333333333333,6,0,0.0,5,1
52190.0,1,1,39,42,0,17,0,0,18,3,2,1,3,5,1,0,0,0,0,0,0,39,52,2,1,77,11.0,9,1,0.2,5,1
44051.0,1,1,20,79,7,58,6,3,18,4,3,1,4,6,0,0,0,0,0,0,1,42,516,2,1,171,19.0,12,0,0.0,4,0
42767.0,2,0,53,20,6,43,19,5,38,1,3,1,2,8,0,0,0,0,0,0,0,44,414,2,1,131,18.714285714285715,7,0,0.0,5,0
46106.0,1,1,84,30,0,8,2,0,14,1,1,1,2,6,0,0,0,0,0,0,0,39,49,2,1,54,10.8,5,0,0.0,4,1
16927.0,1,1,50,20,2,23,3,1,4,5,3,0,4,8,0,0,0,0,0,0,0,39,504,2,1,53,6.625,12,0,0.0,5,1
59754.0,0,1,96,115,27,44,4,146,139,3,5,2,6,5,0,0,0,0,0,0,1,50,575,1,1,475,33.92857142857143,16,0,0.0,3,1
53700.0,0,1,94,263,5,233,69,41,83,4,5,5,8,5,0,0,0,0,0,0,0,63,681,1,1,694,36.526315789473685,22,0,0.0,3,0
59041.0,1,1,25,69,2,15,2,2,6,2,2,0,4,5,0,0,0,0,0,0,0,42,53,2,1,96,13.714285714285714,8,0,0.0,3,1
54237.0,0,1,48,267,3,30,4,0,57,4,5,2,5,6,0,0,0,0,0,0,0,58,428,1,1,361,27.76923076923077,16,0,0.0,5,0
70647.0,0,1,65,561,85,171,25,123,114,2,4,7,13,2,0,0,0,0,0,0,0,48,646,1,1,1079,43.16,26,0,0.0,3,0
52597.0,0,1,69,492,0,37,7,0,42,3,6,3,8,5,0,0,0,0,0,0,0,53,53,1,1,578,32.111111111111114,20,0,0.0,5,0
41021.0,1,0,12,14,7,9,6,16,12,2,2,0,3,6,0,0,0,0,0,0,1,46,546,1,1,64,10.666666666666666,7,0,0.0,4,1
40233.0,0,1,84,80,4,46,0,17,2,5,2,1,5,6,0,0,0,0,0,0,0,40,258,1,1,149,16.555555555555557,13,0,0.0,5,1
50183.0,1,1,47,97,12,84,13,10,15,7,3,1,6,5,0,0,0,0,0,0,0,35,4,2,1,231,21.0,17,0,0.0,3,1
54753.0,0,1,87,197,107,227,7,59,131,3,5,2,11,4,0,0,0,0,0,0,0,56,290,1,1,728,38.31578947368421,21,0,0.0,3,1
92955.0,0,0,35,693,21,925,31,24,84,1,6,7,9,2,0,0,1,1,0,0,1,42,314,0,0,1778,77.30434782608695,23,2,0.4,3,1
33471.0,1,0,47,43,2,27,0,9,12,3,3,0,4,7,0,0,0,0,0,0,0,42,625,1,1,93,11.625,10,0,0.0,3,1
34596.0,1,0,48,14,0,2,0,0,7,1,1,0,2,8,0,0,0,0,0,0,1,41,442,1,1,23,5.75,4,0,0.0,5,1
44010.0,1,0,46,186,36,234,86,72,48,6,10,2,6,9,0,0,0,0,0,0,0,35,624,1,1,662,34.8421052631579,24,0,0.0,3,1
84219.0,0,0,27,434,137,400,45,137,45,1,3,4,10,1,0,0,0,0,0,0,0,27,147,0,0,1198,66.55555555555556,18,0,0.0,3,1
40706.0,2,1,37,59,0,11,4,2,5,4,3,0,4,7,0,0,0,0,0,0,0,47,528,3,1,81,10.125,11,0,0.0,5,1
15716.0,1,0,8,16,5,30,8,7,26,3,3,0,4,8,0,0,0,0,0,1,0,27,594,1,1,92,11.5,10,0,0.0,2,1
59052.0,0,1,29,230,35,75,63,57,31,3,7,1,7,5,0,0,0,0,0,0,0,56,224,1,1,491,30.6875,18,0,0.0,2,0
80573.0,0,0,85,829,138,430,60,92,15,1,4,6,13,2,0,0,0,0,0,0,0,44,623,0,0,1564,65.16666666666667,24,0,0.0,4,1
83715.0,0,0,2,318,8,407,150,35,8,1,2,8,13,0,0,0,0,0,0,0,0,53,146,0,0,926,38.583333333333336,24,0,0.0,3,1
82576.0,0,0,66,1206,55,445,168,18,18,1,2,4,12,1,0,0,1,0,0,0,0,56,697,0,0,1910,100.52631578947368,19,1,0.2,4,1
56962.0,2,1,60,292,3,77,10,3,26,7,6,3,5,7,0,0,0,0,0,0,0,50,261,3,1,411,27.4,21,0,0.0,4,1
35704.0,1,1,54,30,9,12,2,11,30,3,2,0,4,4,0,0,0,0,0,0,0,63,177,2,1,94,13.428571428571429,9,0,0.0,3,1
53103.0,0,1,70,729,17,133,11,0,195,5,10,6,7,7,1,0,0,0,0,0,0,61,290,1,1,1085,45.208333333333336,28,1,0.2,3,1
46779.0,1,1,55,12,1,3,0,0,7,1,0,1,2,4,0,0,0,0,0,0,0,55,352,2,1,23,5.75,4,0,0.0,2,0
4861.0,0,0,20,2,1,1,1,0,1,0,0,0,0,14,0,0,0,0,0,0,0,50,7,0,0,6,6.0,0,0,0.0,3,0
33462.0,1,0,78,22,3,18,0,0,11,1,2,0,3,7,0,0,0,0,0,0,0,36,326,1,1,54,9.0,6,0,0.0,4,0
63693.0,0,1,63,587,43,337,42,87,54,3,11,6,9,6,0,0,0,0,0,0,0,37,258,1,1,1150,42.592592592592595,29,0,0.0,3,0
80763.0,0,0,17,674,168,108,192,42,231,1,5,11,6,3,0,0,1,1,0,0,1,65,318,0,0,1415,61.52173913043478,23,2,0.4,3,1
65352.0,0,1,43,284,3,84,4,7,23,2,4,2,8,4,0,0,0,0,0,0,0,41,312,1,1,405,27.0,16,0,0.0,5,1
82170.0,0,0,13,1023,93,651,49,55,37,1,5,6,7,2,0,0,0,0,0,0,0,37,216,0,0,1908,100.42105263157895,19,0,0.0,5,1
75759.0,0,0,46,1394,22,708,89,91,182,1,9,7,9,5,1,0,1,1,0,0,1,46,247,0,0,2486,95.61538461538461,26,3,0.6,3,1
79689.0,0,0,65,311,26,640,180,37,121,1,4,9,13,2,0,0,0,0,0,0,0,39,413,0,0,1315,48.7037037037037,27,0,0.0,2,0
35340.0,1,1,1,27,0,12,0,1,5,2,2,0,3,5,0,0,0,0,0,0,0,59,0,2,1,45,7.5,7,0,0.0,5,0
85683.0,0,0,6,1296,17,311,45,69,51,1,2,4,10,1,0,1,1,1,1,0,1,61,100,0,0,1789,105.23529411764706,17,4,0.8,3,0
24884.0,1,0,32,3,6,7,0,0,3,1,0,0,3,7,0,0,0,0,0,0,0,43,577,1,1,19,4.75,4,0,0.0,2,1
42021.0,1,0,34,393,5,136,7,5,27,5,10,1,6,9,1,0,0,0,0,0,0,34,667,1,1,573,31.833333333333332,22,1,0.2,4,1
64449.0,1,0,70,218,63,282,137,35,70,4,5,3,12,4,0,0,0,0,0,0,0,26,131,1,1,805,38.333333333333336,24,0,0.0,3,0
64587.0,1,1,49,66,0,16,0,6,20,2,1,1,4,3,0,0,0,0,0,0,0,61,7,2,1,108,15.428571428571429,8,0,0.0,3,0
34824.0,0,0,65,4,2,11,2,0,4,1,1,0,2,6,0,0,0,0,0,0,0,20,95,0,0,23,5.75,4,0,0.0,3,0
75437.0,0,0,25,795,0,545,95,58,0,1,8,4,10,6,0,0,0,1,0,0,0,37,232,0,0,1493,64.91304347826087,23,1,0.2,3,1
26091.0,1,1,84,15,10,19,8,17,20,3,2,1,3,5,0,0,0,0,0,0,0,58,124,2,1,89,12.714285714285714,9,0,0.0,3,1
52845.0,1,0,7,384,25,292,130,41,64,3,8,8,6,6,1,0,0,0,0,0,0,42,320,1,1,936,40.69565217391305,25,1,0.2,3,1
46086.0,0,1,34,244,8,32,7,2,50,4,3,1,8,4,0,0,0,0,0,0,0,59,238,1,1,343,26.384615384615383,16,0,0.0,3,0
78028.0,0,1,38,158,19,288,25,0,38,1,6,4,9,7,0,1,1,0,0,0,1,59,657,1,1,528,26.4,20,2,0.4,5,0
94437.68000000001,0,0,1,1285,21,449,106,20,20,1,4,3,4,1,0,0,1,1,0,0,1,28,263,0,0,1901,158.41666666666666,12,2,0.4,5,0
56337.0,1,1,25,349,16,144,28,5,182,5,8,5,4,8,1,0,0,1,0,0,1,34,459,2,1,724,40.22222222222222,22,2,0.4,2,1
22434.0,1,0,25,4,12,11,3,13,15,2,2,0,3,8,0,0,0,0,0,0,0,28,501,1,1,58,9.666666666666666,7,0,0.0,3,1
36930.0,0,1,50,223,2,31,0,2,39,5,5,2,4,8,0,0,0,0,0,0,0,61,408,1,1,297,24.75,16,0,0.0,5,1
36130.0,0,1,46,157,43,127,68,56,37,6,3,8,4,4,1,0,0,0,0,0,1,61,512,1,1,488,30.5,21,1,0.2,3,0
65569.0,0,1,96,397,46,288,20,38,70,2,6,5,10,3,0,0,0,0,0,0,0,62,601,1,1,859,39.04545454545455,23,0,0.0,4,1
83844.0,0,0,57,901,31,345,75,31,191,1,4,4,11,1,0,0,1,0,0,0,0,63,413,0,0,1574,78.7,20,1,0.2,3,1
19514.0,1,1,47,14,3,21,2,1,28,4,3,1,2,8,1,0,0,0,0,0,0,47,154,2,1,69,9.857142857142858,10,1,0.2,3,1
36736.0,1,1,52,10,0,3,0,0,4,1,1,0,2,6,0,0,0,0,0,0,0,52,415,2,1,17,4.25,4,0,0.0,5,0
77568.0,0,1,30,1230,0,396,232,178,158,1,10,2,8,5,0,1,1,1,0,0,0,36,673,1,1,2194,104.47619047619048,21,3,0.6,3,1
49187.0,0,1,63,81,1,31,2,1,0,1,1,1,5,2,0,0,0,0,0,0,0,39,169,1,1,116,14.5,8,0,0.0,5,1
30168.0,1,0,51,154,20,66,0,12,27,7,6,1,4,9,0,0,0,0,0,0,0,37,479,1,1,279,23.25,18,0,0.0,3,0
34053.0,0,1,14,63,0,21,7,0,12,1,3,0,3,8,0,0,0,0,0,0,0,47,657,1,1,103,14.714285714285714,7,0,0.0,4,1
38196.0,1,1,20,30,0,11,0,0,3,3,2,0,4,5,0,0,0,0,0,0,0,44,72,2,1,44,6.285714285714286,9,0,0.0,4,1
59412.0,0,0,56,90,67,165,30,43,11,1,4,2,8,3,0,0,0,0,0,0,0,64,71,0,0,406,27.066666666666666,15,0,0.0,4,1
70924.0,0,0,41,635,114,254,132,152,76,1,6,6,7,3,0,0,1,0,0,0,0,50,83,0,0,1363,68.15,20,1,0.2,2,1
54165.0,0,0,72,127,4,73,15,6,11,1,2,1,7,2,0,0,0,0,0,0,0,46,397,0,0,236,21.454545454545453,11,0,0.0,3,1
32300.0,1,0,1,13,3,6,6,5,6,1,1,0,3,8,0,0,0,0,0,0,0,42,542,1,1,39,7.8,5,0,0.0,3,1
20180.0,0,0,27,18,42,24,15,20,18,1,2,1,4,7,0,0,0,0,0,0,0,39,494,0,0,137,17.125,8,0,0.0,3,0
34961.0,1,0,77,45,2,26,4,1,1,3,3,1,3,7,0,0,0,0,0,0,0,42,10,1,1,79,9.875,10,0,0.0,3,1
28440.0,1,0,87,38,1,24,0,0,0,1,2,0,3,8,0,0,0,0,0,0,0,41,357,1,1,63,10.5,6,0,0.0,5,1
64504.0,1,2,81,986,36,168,16,0,108,7,11,3,4,7,0,0,0,0,0,0,1,62,482,3,1,1314,69.15789473684211,25,0,0.0,5,1
33564.0,0,1,51,61,0,3,0,0,7,1,1,1,3,5,0,0,0,0,0,0,0,49,5,1,1,71,11.833333333333334,6,0,0.0,4,1
17345.0,1,0,79,4,9,16,17,0,12,2,2,1,2,8,0,0,0,0,0,0,0,37,603,1,1,58,9.666666666666666,7,0,0.0,3,1
56320.0,0,1,11,201,53,172,116,77,83,3,5,4,9,4,0,0,0,0,0,0,0,48,447,1,1,702,36.94736842105263,21,0,0.0,5,1
28647.0,1,0,54,19,8,29,0,12,26,1,2,2,2,7,1,0,0,0,0,0,1,37,312,1,1,94,13.428571428571429,7,1,0.2,3,0
15038.0,1,0,93,4,8,11,19,12,26,2,2,1,2,9,0,0,0,0,0,0,0,28,516,1,1,80,13.333333333333334,7,0,0.0,1,0
32173.0,0,1,0,18,0,2,0,0,2,1,1,0,3,4,0,0,0,0,0,0,0,57,332,1,1,22,4.4,5,0,0.0,5,0
68316.0,0,1,54,806,80,161,120,11,33,5,10,7,10,6,0,0,0,0,0,0,0,51,602,1,1,1211,43.25,32,0,0.0,2,1
74538.0,0,0,21,380,98,733,110,112,28,1,8,8,5,3,0,0,1,0,0,0,1,44,365,0,0,1461,66.4090909090909,22,1,0.2,3,1
91700.0,0,0,58,576,172,961,125,115,19,1,8,6,5,3,0,0,0,0,0,0,1,44,528,0,0,1968,98.4,20,0,0.0,3,0
68695.0,0,0,3,458,81,356,106,50,40,1,4,4,7,2,0,0,0,0,0,0,0,46,4,0,0,1091,68.1875,16,0,0.0,3,1
31056.0,1,0,99,5,10,13,3,8,16,1,1,0,3,8,0,0,0,0,0,0,0,38,523,1,1,55,11.0,5,0,0.0,2,1
79593.0,0,0,70,350,60,568,110,133,145,1,5,6,7,2,0,0,1,0,0,0,0,42,48,0,0,1366,71.89473684210526,19,1,0.2,3,1
28071.0,0,0,65,39,33,130,41,26,44,2,5,1,5,8,0,0,0,0,0,0,0,35,669,0,0,313,26.083333333333332,13,0,0.0,3,0
37334.0,1,1,44,26,1,16,2,2,15,4,3,0,4,4,0,0,0,0,0,0,0,57,123,2,1,62,7.75,11,0,0.0,5,1
46423.0,1,1,6,68,0,16,0,0,8,3,2,0,4,7,0,0,0,0,0,0,0,43,284,2,1,92,13.142857142857142,9,0,0.0,4,0
37126.0,1,0,9,45,3,9,4,4,7,1,1,2,2,6,1,0,0,0,0,0,1,44,91,1,1,72,12.0,6,1,0.2,5,1
47703.0,0,1,95,359,0,134,13,26,123,4,6,3,8,5,0,0,0,0,0,0,0,62,396,1,1,655,36.388888888888886,21,0,0.0,3,1
61180.0,0,1,70,403,24,29,6,24,218,2,5,5,6,3,1,0,0,0,0,0,0,56,67,1,1,704,41.411764705882355,18,1,0.2,3,1
38998.0,1,1,92,34,1,14,0,0,5,3,2,0,3,8,0,0,0,0,0,1,0,61,603,2,1,54,9.0,8,0,0.0,3,1
8028.0,0,0,62,73,18,66,7,12,2,15,0,1,0,19,0,0,0,0,0,0,0,24,649,0,0,178,89.0,16,0,0.0,3,0
76081.0,0,0,85,292,30,415,63,33,200,1,4,5,4,2,0,0,0,1,0,0,0,53,37,0,0,1033,73.78571428571429,14,1,0.2,3,1
34728.0,1,0,2,14,0,16,0,0,6,1,1,1,2,6,0,0,0,0,0,0,1,29,334,1,1,36,7.2,5,0,0.0,3,1
33168.0,0,1,0,80,1,37,0,1,3,3,2,1,4,7,0,0,0,0,0,0,0,50,624,1,1,122,15.25,10,0,0.0,4,0
33585.0,0,1,91,30,11,33,13,6,29,1,2,0,4,4,0,0,0,0,0,0,0,49,277,1,1,122,17.428571428571427,7,0,0.0,4,1
77037.0,0,1,3,463,96,333,168,53,10,1,7,7,12,3,0,0,0,0,0,0,0,55,259,1,1,1123,41.592592592592595,27,0,0.0,5,1
35196.0,1,0,68,75,12,141,43,39,187,6,6,1,5,8,0,0,0,0,0,0,1,31,593,1,1,497,38.23076923076923,18,0,0.0,3,1
44529.0,0,1,98,538,13,91,17,6,26,6,6,2,11,5,0,1,0,0,0,0,0,49,359,1,1,691,34.55,25,1,0.2,3,1
70924.0,0,0,41,635,114,254,132,152,76,1,6,6,7,3,0,0,1,0,0,0,0,50,83,0,0,1363,68.15,20,1,0.2,2,1
28764.0,1,1,16,8,0,3,0,0,1,1,1,0,2,8,1,0,0,0,0,0,0,49,24,2,1,12,3.0,4,1,0.2,5,1
69098.0,0,0,82,1315,22,780,145,0,178,1,7,8,9,5,0,0,0,0,0,0,0,66,498,0,0,2440,97.6,25,0,0.0,5,1
25959.0,1,1,1,4,2,12,7,5,26,2,1,2,2,6,0,0,0,0,0,0,1,45,500,2,1,56,9.333333333333334,7,0,0.0,2,0
27100.0,1,0,64,12,0,13,2,0,10,1,1,0,3,7,0,0,0,0,0,0,0,32,450,1,1,37,7.4,5,0,0.0,4,1
70596.0,0,0,68,347,44,534,17,0,26,1,3,5,12,2,0,0,0,0,0,0,0,30,632,0,0,968,46.095238095238095,21,0,0.0,3,0
42557.0,0,1,98,192,5,53,0,5,15,4,6,1,4,8,0,0,0,0,0,0,0,41,669,1,1,270,22.5,15,0,0.0,3,1
53312.0,0,0,32,241,0,12,0,0,25,1,5,1,5,7,0,0,0,0,0,0,0,64,324,0,0,278,23.166666666666668,12,0,0.0,5,1
72228.0,0,0,87,631,28,491,30,14,56,1,6,7,8,3,0,0,0,0,0,0,0,63,579,0,0,1250,56.81818181818182,22,0,0.0,3,0
67605.0,0,0,84,336,28,282,184,54,54,1,2,8,6,1,0,0,0,0,0,0,0,28,455,0,0,938,55.1764705882353,17,0,0.0,3,1
62845.0,1,1,3,1099,0,45,0,0,34,11,3,4,10,8,0,1,0,0,0,0,0,66,636,2,1,1178,65.44444444444444,28,1,0.2,4,1
65196.0,0,2,34,743,19,181,12,0,200,2,7,6,11,5,1,0,0,0,0,0,0,57,339,2,1,1155,46.2,26,1,0.2,3,1
42000.0,0,0,23,124,83,267,85,59,35,2,5,2,11,5,0,0,0,0,0,0,1,28,535,0,0,653,34.36842105263158,20,0,0.0,5,0
35860.0,1,1,37,15,0,8,4,2,20,2,1,1,2,5,1,0,0,0,0,0,0,42,41,2,1,49,9.8,6,1,0.2,5,0
65526.0,0,1,22,397,19,69,12,0,9,1,4,4,8,2,0,0,0,0,0,0,0,51,79,1,1,506,29.764705882352942,17,0,0.0,5,1
16860.0,1,1,19,10,4,4,3,3,14,3,1,1,3,7,0,0,0,0,0,0,0,54,655,2,1,38,6.333333333333333,8,0,0.0,3,1
83528.0,0,0,7,530,117,678,134,44,147,1,4,10,8,1,1,0,0,1,0,0,1,23,59,0,0,1650,71.73913043478261,23,2,0.4,3,0
64176.0,0,1,52,1215,33,249,64,116,149,8,8,9,8,6,0,0,0,0,0,0,0,50,695,1,1,1826,70.23076923076923,33,0,0.0,2,0
22304.0,0,0,91,3,2,7,0,4,2,1,1,0,2,8,0,0,0,0,0,0,0,59,694,0,0,18,4.5,4,0,0.0,3,0
67023.0,0,0,93,444,44,382,11,8,17,1,3,7,13,2,0,0,0,0,0,1,0,37,117,0,0,906,37.75,24,0,0.0,3,1
32892.0,1,0,78,26,0,15,2,1,2,2,3,0,3,8,0,0,0,0,0,0,0,44,35,1,1,46,6.571428571428571,8,0,0.0,5,1
70713.0,0,1,23,736,114,279,82,76,190,6,5,6,8,3,0,0,0,0,0,0,0,49,573,1,1,1477,73.85,25,0,0.0,3,1
59925.0,0,1,83,473,21,176,19,21,56,3,9,2,9,6,0,0,0,0,0,0,0,60,576,1,1,766,36.476190476190474,23,0,0.0,3,1
39722.0,0,1,92,32,0,5,2,0,8,2,2,0,3,5,0,0,0,0,0,0,0,62,125,1,1,47,7.833333333333333,7,0,0.0,3,1
46610.0,0,0,4,288,10,30,4,10,125,1,6,1,6,6,0,0,0,0,0,0,0,57,346,0,0,467,33.357142857142854,14,0,0.0,3,1
88347.0,0,0,32,1050,178,555,77,138,118,1,4,7,9,1,0,0,0,1,0,0,0,54,361,0,0,2116,100.76190476190476,21,1,0.2,3,1
87171.0,0,0,27,1001,44,107,58,44,44,1,6,7,11,2,1,0,1,0,0,0,0,34,424,0,0,1298,51.92,25,2,0.4,5,1
26907.0,1,1,10,9,1,7,0,3,2,2,1,0,3,7,0,0,0,0,0,0,0,39,313,2,1,22,4.4,6,0,0.0,2,1
50014.0,1,0,9,234,14,77,19,10,42,2,4,1,8,5,0,0,0,0,0,0,0,47,158,1,1,396,28.285714285714285,15,0,0.0,4,0
41014.0,1,0,65,7,2,6,2,0,3,1,1,0,2,7,0,0,0,0,0,0,0,37,433,1,1,20,5.0,4,0,0.0,5,1
66294.0,0,0,68,251,108,334,65,92,117,1,4,3,5,2,0,0,0,0,0,0,0,50,104,0,0,967,74.38461538461539,13,0,0.0,3,0
36715.0,1,0,16,172,10,125,21,13,16,6,7,2,4,9,0,0,0,0,0,0,1,44,589,1,1,357,25.5,19,0,0.0,3,1
79456.0,0,0,12,565,42,548,64,83,99,1,5,6,4,3,0,0,0,0,0,0,1,59,676,0,0,1401,87.5625,16,0,0.0,3,1
40479.0,1,0,95,5,0,8,2,0,0,1,0,0,3,4,0,0,0,0,0,0,0,33,316,1,1,15,3.75,4,0,0.0,3,1
75345.0,0,0,16,918,57,842,99,38,133,1,5,8,6,3,0,0,0,1,0,0,1,45,512,0,0,2087,104.35,20,1,0.2,4,0
54233.0,0,1,46,652,8,158,21,0,142,4,11,6,5,8,0,0,0,0,0,0,0,38,510,1,1,981,42.65217391304348,26,0,0.0,3,1
24163.0,1,1,3,4,1,7,2,1,2,2,1,0,3,4,0,0,0,0,0,0,0,45,260,2,1,17,3.4,6,0,0.0,3,0
84460.0,0,0,80,152,27,103,106,54,81,0,9,9,4,5,0,1,1,1,1,0,1,57,541,0,0,523,22.73913043478261,22,4,0.8,5,1
43776.0,1,0,77,8,0,9,2,1,3,1,1,0,2,6,0,0,0,0,0,0,0,32,57,1,1,23,5.75,4,0,0.0,3,1
71691.0,0,0,0,336,130,411,240,32,43,1,4,7,5,2,0,0,0,0,0,0,1,57,104,0,0,1192,70.11764705882354,17,0,0.0,5,0
85844.0,0,0,62,938,19,843,25,95,38,1,6,6,7,2,0,0,1,0,0,0,0,42,31,0,0,1958,97.9,20,1,0.2,5,1
39190.0,1,0,91,68,8,18,19,8,12,2,2,1,4,5,0,0,0,0,0,0,0,41,64,1,1,133,16.625,9,0,0.0,5,0
71367.0,0,0,24,227,23,389,42,21,75,1,4,5,7,2,0,0,0,0,0,0,0,56,310,0,0,777,45.705882352941174,17,0,0.0,3,1
38578.0,1,1,2,38,4,22,3,3,3,3,3,0,3,8,0,0,0,0,0,0,0,43,372,2,1,73,10.428571428571429,9,0,0.0,5,0
57236.0,1,1,22,105,0,9,2,1,4,3,2,1,4,3,0,0,0,0,0,0,0,50,109,2,1,121,15.125,10,0,0.0,5,1
61825.0,0,1,56,162,50,100,55,30,27,1,4,2,8,4,0,0,0,0,0,0,0,36,326,1,1,424,28.266666666666666,15,0,0.0,3,0
79803.0,0,1,54,574,8,216,21,16,33,1,4,3,5,1,0,0,0,0,0,0,0,57,27,1,1,868,66.76923076923077,13,0,0.0,3,0
80910.0,0,0,71,160,80,369,67,39,41,1,3,3,8,1,0,0,0,0,0,0,0,29,606,0,0,756,50.4,15,0,0.0,2,0
27590.0,1,0,38,6,0,5,0,0,1,1,1,0,2,7,0,0,0,0,0,0,0,33,432,1,1,12,3.0,4,0,0.0,4,1
56775.0,0,1,62,614,35,160,58,35,35,2,5,8,10,5,0,0,0,0,0,0,0,36,543,1,1,937,39.041666666666664,25,0,0.0,3,1
83829.0,0,0,78,897,161,430,186,161,27,0,4,7,6,1,1,0,1,1,0,0,1,40,264,0,0,1862,103.44444444444444,17,3,0.6,3,0
54210.0,0,1,18,70,54,109,80,9,45,2,4,1,7,5,0,0,0,0,0,0,0,36,405,1,1,367,28.23076923076923,14,0,0.0,2,1
38508.0,1,0,95,120,19,206,25,19,54,6,7,2,5,8,0,0,0,0,0,0,0,29,331,1,1,443,29.533333333333335,20,0,0.0,3,1
53187.0,1,0,66,211,2,30,7,7,10,2,4,1,6,5,0,0,0,0,0,0,0,45,246,1,1,267,22.25,13,0,0.0,3,1
30023.0,1,0,28,11,0,16,7,6,21,1,2,0,3,8,0,0,0,0,0,0,0,43,97,1,1,61,10.166666666666666,6,0,0.0,3,1
76045.0,0,0,78,760,53,400,17,93,0,1,4,5,11,2,0,0,0,1,0,0,0,55,226,0,0,1323,63.0,21,1,0.2,5,0
50870.0,0,1,13,53,0,8,0,0,2,1,2,0,3,5,0,0,0,0,0,0,0,63,10,1,1,63,10.5,6,0,0.0,5,1
15315.0,0,0,27,7,4,13,15,8,17,2,2,0,4,5,0,0,0,0,0,0,0,45,330,0,0,64,9.142857142857142,8,0,0.0,2,1
65463.0,1,0,17,391,32,70,21,32,16,2,6,2,9,5,0,1,0,0,0,0,0,41,150,1,1,562,31.22222222222222,19,1,0.2,2,1
66480.0,1,1,71,199,9,57,20,21,6,7,4,1,7,4,0,0,0,0,0,0,0,50,29,2,1,312,24.0,19,0,0.0,3,1
76773.0,0,0,79,516,56,449,86,33,16,1,2,2,11,1,0,0,0,0,0,0,0,61,489,0,0,1156,72.25,16,0,0.0,3,0
81698.0,0,0,1,709,45,115,30,160,45,1,8,2,5,5,0,0,0,1,0,0,1,32,485,0,0,1104,69.0,16,1,0.2,2,0
54466.0,1,1,78,12,0,4,0,0,0,1,1,0,2,5,0,0,0,0,0,0,0,42,140,2,1,16,4.0,4,0,0.0,5,0
94437.68000000001,0,0,23,1000,19,711,125,115,38,0,4,6,9,1,0,1,0,0,0,0,0,55,132,0,0,2008,100.4,19,1,0.2,4,0
16269.0,1,0,75,19,3,18,3,1,0,3,3,0,3,8,0,0,0,0,0,0,0,31,303,1,1,44,6.285714285714286,9,0,0.0,5,0
71819.0,0,1,70,1224,28,140,0,14,168,3,3,3,5,6,0,1,1,0,0,0,0,44,305,1,1,1574,131.16666666666666,14,2,0.4,3,1
33569.0,1,0,10,16,2,18,3,0,24,1,1,1,2,8,1,0,0,0,0,0,1,32,256,1,1,63,12.6,5,1,0.2,5,1
36262.0,0,0,24,88,39,54,64,28,153,1,3,5,3,6,1,0,0,0,0,0,1,32,282,0,0,426,35.5,12,1,0.2,4,1
22634.0,0,0,47,2,23,11,8,6,46,1,2,1,2,8,0,0,0,0,0,0,0,49,529,0,0,96,16.0,6,0,0.0,1,1
47025.0,0,1,98,508,11,59,23,5,29,5,11,1,6,9,0,0,0,0,0,0,0,37,290,1,1,635,33.421052631578945,23,0,0.0,2,1
70566.0,0,1,4,381,28,215,84,28,21,2,6,5,9,3,0,0,0,0,0,0,0,47,266,1,1,757,36.04761904761905,22,0,0.0,3,0
31605.0,1,0,15,74,0,42,2,1,6,2,2,1,4,7,0,0,0,0,0,0,0,36,584,1,1,125,15.625,9,0,0.0,5,1
52034.0,1,1,67,146,0,93,7,13,73,5,4,2,5,7,0,0,0,0,0,0,0,42,408,2,1,332,27.666666666666668,16,0,0.0,4,0
48526.0,1,0,32,23,17,23,43,20,9,1,2,1,4,3,0,0,0,0,0,0,0,36,187,1,1,135,16.875,8,0,0.0,3,0
46734.0,0,1,40,110,5,137,26,23,29,2,6,1,5,7,0,0,0,0,0,0,0,61,588,1,1,330,25.384615384615383,14,0,0.0,3,1
39552.0,1,1,54,165,3,147,4,24,41,7,6,2,5,8,0,0,0,0,0,0,1,53,558,2,1,384,27.428571428571427,20,0,0.0,3,0
86358.0,1,1,78,957,47,494,82,47,95,4,5,3,6,8,0,0,0,0,0,0,0,49,690,2,1,1722,114.8,18,0,0.0,3,0
46931.0,2,1,94,41,0,17,3,1,16,2,1,1,3,3,0,0,0,0,0,0,0,38,66,3,1,78,13.0,7,0,0.0,3,1
16581.0,0,0,51,1,3,4,2,3,11,1,0,0,3,4,0,0,0,0,0,0,0,30,533,0,0,24,6.0,4,0,0.0,1,0
63998.0,0,0,42,176,29,818,0,33,112,1,7,6,11,4,0,0,0,0,0,0,1,63,191,0,0,1168,46.72,25,0,0.0,2,0
67381.0,0,1,67,815,8,53,11,0,70,4,2,2,9,7,0,1,0,0,0,0,0,64,530,1,1,957,68.35714285714286,17,1,0.2,4,1
25930.0,1,1,87,6,1,2,2,0,4,1,1,0,2,7,0,0,0,0,0,0,0,48,262,2,1,15,3.75,4,0,0.0,3,0
42693.0,1,0,29,8,4,20,6,3,16,1,1,0,3,5,0,0,0,0,0,0,0,37,22,1,1,57,11.4,5,0,0.0,3,1
85606.0,0,1,89,717,42,864,219,30,84,2,6,7,9,3,0,0,0,1,0,0,0,39,594,1,1,1956,85.04347826086956,24,1,0.2,3,1
72903.0,0,0,74,1067,138,750,0,19,39,1,7,5,8,4,0,1,1,1,0,0,1,30,243,0,0,2013,95.85714285714286,21,3,0.6,3,0
49669.0,1,0,97,166,5,107,11,8,29,2,5,1,6,6,0,0,0,0,0,0,0,41,36,1,1,326,25.076923076923077,14,0,0.0,2,1
36778.0,1,1,63,29,4,34,2,4,4,3,3,0,3,9,0,0,0,0,0,0,0,47,693,2,1,77,11.0,9,0,0.0,5,1
85696.0,0,0,88,714,76,395,116,0,12,1,4,6,9,1,0,0,0,0,0,0,1,53,422,0,0,1313,65.65,20,0,0.0,5,0
10979.0,0,0,34,8,4,10,2,2,4,2,3,0,3,5,0,0,0,0,0,0,0,26,38,0,0,30,4.285714285714286,8,0,0.0,4,0
49678.0,0,1,81,229,5,56,3,2,20,2,6,2,4,7,0,0,0,0,0,0,0,54,512,1,1,315,24.23076923076923,14,0,0.0,3,1
56129.0,0,1,65,320,48,133,39,72,48,4,6,2,10,4,0,0,0,0,0,0,0,62,374,1,1,660,34.73684210526316,22,0,0.0,4,1
37155.0,1,0,51,23,0,26,7,15,3,1,2,0,4,5,0,0,0,0,0,0,0,26,514,1,1,74,10.571428571428571,7,0,0.0,3,1
21282.0,1,0,76,1,5,8,4,8,20,2,2,1,2,6,0,0,0,0,0,0,0,37,49,1,1,46,7.666666666666667,7,0,0.0,2,0
33419.0,0,1,76,56,0,12,0,0,18,2,2,0,4,7,0,0,0,0,0,0,0,53,316,1,1,86,12.285714285714286,8,0,0.0,5,0
63285.0,0,0,84,508,124,249,50,38,134,1,6,5,13,3,0,0,0,0,0,0,0,70,236,0,0,1103,44.12,25,0,0.0,3,0
21255.0,1,0,56,29,0,25,2,2,3,4,2,1,4,4,0,0,0,0,0,0,0,41,159,1,1,61,7.625,11,0,0.0,4,1
42162.0,1,0,31,46,7,59,2,4,27,2,3,1,3,6,1,0,0,0,0,0,1,34,222,1,1,145,18.125,9,1,0.2,3,1
54450.0,1,1,0,454,0,171,8,19,32,12,9,2,8,8,0,0,0,0,0,0,0,59,653,2,1,684,34.2,31,0,0.0,3,1
57744.0,0,1,91,350,3,39,0,0,19,2,9,1,4,8,0,0,0,0,0,0,0,61,229,1,1,411,27.4,16,0,0.0,5,1
26576.0,1,0,40,10,0,8,0,0,9,1,1,0,2,9,1,0,0,0,0,0,1,29,624,1,1,27,6.75,4,1,0.2,3,0
57513.0,0,0,59,735,40,183,52,20,30,2,9,3,13,6,0,0,0,0,0,0,0,72,358,0,0,1060,40.76923076923077,27,0,0.0,5,0
68142.0,0,1,96,897,126,196,91,112,37,3,10,4,7,6,0,0,0,0,0,0,0,51,669,1,1,1459,66.31818181818181,24,0,0.0,3,1
7500.0,0,1,61,5,2,3,3,0,5,1,1,0,2,8,0,0,0,0,0,0,0,36,669,1,1,18,4.5,4,0,0.0,3,1
83145.0,0,0,14,777,35,731,39,137,114,1,5,9,11,2,0,0,1,0,0,0,1,41,645,0,0,1833,70.5,26,1,0.2,3,1
54197.0,0,1,16,162,6,37,6,13,13,2,1,3,6,1,0,0,0,0,0,0,0,55,87,1,1,237,21.545454545454547,12,0,0.0,4,1
23091.0,1,1,98,35,0,11,0,0,2,4,2,1,3,7,0,0,0,0,0,0,0,52,32,2,1,48,6.857142857142857,10,0,0.0,5,0
46049.0,1,1,11,342,9,112,19,14,19,10,5,2,9,7,0,0,0,0,0,0,1,39,343,2,1,515,30.294117647058822,26,0,0.0,3,1
56715.0,0,0,52,258,105,239,237,172,9,1,7,3,4,4,0,0,0,0,0,0,0,41,571,0,0,1020,68.0,15,0,0.0,3,1
79410.0,0,0,19,658,80,483,123,13,13,1,3,2,5,1,0,0,0,0,0,0,0,54,31,0,0,1370,124.54545454545455,11,0,0.0,3,1
57304.0,0,1,61,356,80,329,138,17,106,2,7,6,10,5,0,0,0,0,0,0,0,64,475,1,1,1026,42.75,25,0,0.0,3,1
44375.0,0,1,73,213,5,28,7,7,41,1,4,1,6,5,0,0,0,0,0,0,0,50,98,1,1,301,25.083333333333332,12,0,0.0,3,1
54450.0,1,1,0,454,0,171,8,19,32,12,9,2,8,8,0,0,0,0,0,0,0,59,653,2,1,684,34.2,31,0,0.0,3,1
59594.0,0,1,74,457,4,29,0,0,9,1,8,1,7,7,0,1,0,0,0,0,0,50,617,1,1,499,29.352941176470587,17,1,0.2,3,1
80685.0,0,0,55,241,45,604,34,26,54,1,6,4,10,2,0,0,0,0,0,0,0,21,676,0,0,1004,47.80952380952381,21,0,0.0,3,1
40344.0,0,1,48,210,0,6,0,0,2,2,4,1,5,7,0,0,0,0,0,0,0,41,259,1,1,218,19.818181818181817,12,0,0.0,5,1
62710.0,0,1,53,441,35,83,7,29,11,4,4,2,12,4,0,0,0,0,0,0,0,43,402,1,1,606,31.894736842105264,22,0,0.0,3,1
48985.0,0,1,13,19,13,18,10,7,8,1,1,1,3,3,0,0,0,0,0,0,0,47,359,1,1,75,12.5,6,0,0.0,2,1
35322.0,1,2,34,28,9,37,12,7,13,3,2,0,4,8,0,0,0,0,0,0,0,47,676,3,1,106,15.142857142857142,9,0,0.0,3,1
77142.0,0,0,54,476,75,162,29,151,97,1,4,4,8,2,0,0,0,0,0,0,0,67,396,0,0,990,58.23529411764706,17,0,0.0,3,1
81657.0,0,0,69,364,40,425,158,60,50,1,3,4,8,1,0,0,0,0,0,0,0,46,158,0,0,1097,68.5625,16,0,0.0,3,0
14421.0,0,0,81,0,0,2,3,3,8,1,1,0,2,5,1,0,0,0,0,0,0,19,132,0,0,16,4.0,4,1,0.2,1,1
20130.0,0,0,99,0,6,3,7,6,12,1,1,0,3,8,0,0,0,0,0,0,0,41,104,0,0,34,6.8,5,0,0.0,2,1
74214.0,0,0,3,863,83,547,86,99,33,1,8,2,5,5,0,0,0,0,0,0,0,25,672,0,0,1711,106.9375,16,0,0.0,5,1
66726.0,1,1,61,349,7,35,0,0,47,3,8,2,4,7,0,1,0,0,0,0,0,58,168,2,1,438,29.2,17,1,0.2,4,1
23724.0,1,0,65,5,23,15,0,18,14,2,2,0,3,8,0,0,0,0,0,0,0,36,537,1,1,75,12.5,7,0,0.0,1,1
47353.0,0,1,93,184,2,19,8,8,4,3,2,2,6,5,0,0,0,0,0,0,0,55,228,1,1,225,20.454545454545453,13,0,0.0,4,1
33444.0,1,1,24,8,0,8,0,0,2,1,1,0,2,8,0,0,0,0,0,0,0,63,603,2,1,18,4.5,4,0,0.0,4,1
54386.0,0,1,8,277,21,64,62,21,25,2,3,2,10,3,0,0,0,0,0,0,0,34,408,1,1,470,29.375,17,0,0.0,3,1
28510.0,1,1,72,44,5,19,0,4,19,3,2,0,4,5,0,0,0,0,0,0,0,34,442,2,1,91,13.0,9,0,0.0,3,0
90638.0,0,0,29,1156,120,915,94,144,96,1,3,4,10,1,0,0,1,0,0,0,0,24,136,0,0,2525,140.27777777777777,18,1,0.2,4,0
48070.0,0,1,33,373,14,83,6,9,19,3,8,2,6,7,0,0,0,0,0,1,0,65,532,1,1,504,29.647058823529413,19,0,0.0,3,1
43140.0,0,1,68,134,8,76,6,0,11,1,4,1,5,6,0,0,0,0,0,0,0,58,540,1,1,235,21.363636363636363,11,0,0.0,3,1
54959.0,0,1,55,1148,0,60,0,0,24,3,9,5,4,7,0,1,0,0,0,0,1,54,526,1,1,1232,64.84210526315789,21,1,0.2,5,0
15056.0,1,1,76,6,12,3,21,6,40,5,2,2,3,5,0,0,0,0,0,0,0,57,422,2,1,88,11.0,12,0,0.0,1,0
26954.0,1,0,17,4,1,11,0,0,1,1,1,0,2,7,0,0,0,0,0,0,0,44,52,1,1,17,4.25,4,0,0.0,3,0
22327.0,1,0,94,5,4,8,2,0,5,1,1,0,3,5,0,0,0,0,0,0,0,30,331,1,1,24,4.8,5,0,0.0,3,0
44393.0,1,1,86,24,2,20,2,2,10,2,1,0,4,4,0,0,0,0,0,0,0,50,311,2,1,60,10.0,7,0,0.0,3,1
62000.0,0,1,25,899,0,101,0,0,20,1,6,6,13,4,0,0,0,1,0,0,0,63,308,1,1,1020,39.23076923076923,26,1,0.2,5,0
31497.0,0,1,22,108,1,28,13,1,4,2,3,1,4,8,0,0,0,0,0,0,0,53,570,1,1,155,17.22222222222222,10,0,0.0,5,1
45894.0,0,2,15,27,2,7,0,2,13,1,1,0,3,5,0,0,0,0,0,0,0,41,122,2,1,51,10.2,5,0,0.0,2,1
78579.0,0,0,35,816,66,549,216,66,99,1,5,6,4,3,0,0,0,0,0,0,1,45,554,0,0,1812,113.25,16,0,0.0,4,0
67369.0,0,1,81,1298,0,70,37,14,42,4,7,4,10,4,0,1,1,0,0,0,1,46,589,1,1,1461,66.4090909090909,25,2,0.4,4,0
58401.0,0,1,55,10,0,11,17,29,29,1,1,2,2,4,0,0,0,0,0,0,0,55,70,1,1,96,16.0,6,0,0.0,3,0
62307.0,0,1,94,87,13,34,10,6,10,1,4,0,4,5,0,0,0,0,0,0,0,63,132,1,1,160,17.77777777777778,9,0,0.0,3,0
43641.0,1,1,50,57,2,51,4,2,23,3,2,1,4,6,0,0,0,0,0,0,0,46,433,2,1,139,17.375,10,0,0.0,4,1
63841.0,0,1,64,635,15,100,20,7,131,1,9,3,9,6,0,0,0,0,0,0,0,47,434,1,1,908,41.27272727272727,22,0,0.0,4,0
46891.0,0,1,91,43,12,23,29,15,61,1,2,1,4,4,0,0,0,0,0,0,0,50,301,1,1,183,22.875,8,0,0.0,2,1
70091.0,1,0,11,964,34,137,15,0,11,2,5,2,10,8,0,1,0,0,0,0,0,46,455,1,1,1161,64.5,19,1,0.2,4,1
78075.0,0,0,72,572,8,259,34,35,80,1,3,5,5,1,0,0,0,0,0,0,0,43,85,0,0,988,70.57142857142857,14,0,0.0,5,1
59184.0,0,1,6,341,142,113,259,151,66,3,6,6,12,5,0,0,0,0,0,0,0,54,658,1,1,1072,42.88,27,0,0.0,2,0
54809.0,1,1,0,63,6,57,13,13,22,4,2,1,5,4,0,0,0,0,0,0,0,38,291,2,1,174,19.333333333333332,12,0,0.0,3,1
58113.0,0,1,66,221,104,169,102,78,84,3,9,2,8,7,0,0,0,0,0,1,0,56,520,1,1,758,37.9,22,0,0.0,3,1
51412.0,0,1,42,140,3,29,4,5,14,2,3,2,4,4,0,0,0,0,0,0,0,57,180,1,1,195,19.5,11,0,0.0,4,1
15287.0,1,0,60,1,2,8,4,3,13,2,1,1,2,7,1,0,0,0,0,0,1,36,627,1,1,31,6.2,6,1,0.2,3,0
66636.0,0,0,64,291,10,689,84,10,0,1,3,4,9,1,0,0,0,0,0,0,0,58,316,0,0,1084,63.76470588235294,17,0,0.0,4,1
50965.0,0,1,87,544,13,85,8,6,29,3,10,4,5,8,1,0,0,0,0,0,0,59,494,1,1,685,34.25,22,1,0.2,4,1
84618.0,0,0,96,684,100,801,21,66,0,1,6,9,10,2,0,0,1,0,0,0,0,50,219,0,0,1672,64.3076923076923,26,1,0.2,5,1
18351.0,0,0,1,1,12,9,0,14,7,1,2,0,3,7,0,0,0,0,0,0,0,25,243,0,0,43,7.166666666666667,6,0,0.0,3,1
40451.0,0,2,54,35,0,4,0,0,10,1,1,1,2,5,1,0,0,0,0,0,0,58,133,2,1,49,9.8,5,1,0.2,5,1
36317.0,0,1,53,87,3,25,3,2,13,2,3,0,4,7,0,0,0,0,0,0,0,50,403,1,1,133,16.625,9,0,0.0,3,1
42213.0,0,1,96,309,3,24,4,3,20,2,5,1,7,7,0,1,0,0,0,0,0,58,260,1,1,363,25.928571428571427,15,1,0.2,3,1
65748.0,0,1,58,172,73,93,95,78,34,2,2,4,10,1,0,0,0,0,0,1,0,60,440,1,1,545,32.05882352941177,18,0,0.0,3,1
77044.0,0,1,12,625,38,242,50,34,76,2,7,11,11,4,1,0,0,0,0,0,0,43,245,1,1,1065,35.5,31,1,0.2,3,1
74918.0,0,0,78,972,59,913,25,19,59,1,5,9,6,3,0,0,1,0,0,0,0,46,474,0,0,2047,97.47619047619048,21,1,0.2,3,1
56721.0,1,1,64,157,6,39,6,13,75,5,4,1,5,6,0,0,0,0,0,0,0,43,606,2,1,296,26.90909090909091,15,0,0.0,3,1
42160.0,1,1,26,48,9,45,3,15,20,4,2,1,4,6,0,0,0,0,0,0,1,40,366,2,1,140,17.5,11,0,0.0,3,0
61559.0,0,1,8,279,83,88,32,14,34,1,4,2,10,3,0,0,0,0,0,0,0,50,347,1,1,530,31.176470588235293,17,0,0.0,3,0
33629.0,1,1,49,132,0,16,0,0,4,5,3,1,4,9,0,0,0,0,0,0,0,52,690,2,1,152,16.88888888888889,13,0,0.0,5,1
68682.0,0,0,56,919,0,505,99,30,45,1,4,9,10,2,0,0,0,0,0,0,0,24,266,0,0,1598,66.58333333333333,24,0,0.0,5,1
34377.0,0,1,55,62,0,22,3,1,26,2,2,2,2,7,0,0,0,0,0,0,0,52,526,1,1,114,16.285714285714285,8,0,0.0,3,0
8940.0,1,0,25,1,45,3,4,6,42,3,3,1,3,8,0,0,0,0,0,0,0,29,676,1,1,101,12.625,10,0,0.0,1,0
26228.0,1,0,50,2,6,4,3,1,9,1,1,0,2,8,0,0,0,0,0,0,0,42,280,1,1,25,6.25,4,0,0.0,3,1
77297.0,0,0,84,408,61,109,48,122,41,1,5,7,9,4,0,0,0,1,0,0,0,58,519,0,0,789,35.86363636363637,22,1,0.2,2,0
40211.0,1,1,30,51,1,7,2,1,25,2,2,1,2,8,1,0,0,0,0,0,0,34,334,2,1,87,14.5,7,1,0.2,3,1
33438.0,1,1,81,62,1,16,3,2,6,4,2,1,4,5,0,0,0,0,0,0,0,57,280,2,1,90,11.25,11,0,0.0,5,0
75032.0,0,1,74,952,12,180,47,12,12,2,5,4,9,3,0,0,0,0,0,0,0,56,427,1,1,1215,63.94736842105263,20,0,0.0,5,1
61284.0,0,0,76,618,15,106,20,7,45,1,11,2,8,6,0,1,0,0,0,0,0,60,260,0,0,811,36.86363636363637,22,1,0.2,5,0
22518.0,1,0,36,11,7,12,2,2,27,2,2,1,2,5,1,0,0,0,0,0,1,29,615,1,1,61,10.166666666666666,7,1,0.2,3,1
54730.0,0,1,64,318,3,17,4,7,56,5,4,1,8,4,0,0,0,0,0,0,0,40,318,1,1,405,28.928571428571427,18,0,0.0,4,1
38452.0,1,1,62,56,0,14,0,0,2,3,3,0,3,7,0,0,0,0,0,0,0,60,91,2,1,72,10.285714285714286,9,0,0.0,4,1
44421.0,1,1,53,110,5,59,7,1,7,5,5,0,4,8,0,0,0,0,0,0,0,44,499,2,1,189,18.9,14,0,0.0,3,0
38197.0,1,0,86,23,0,11,2,1,3,1,1,0,3,5,0,0,0,0,0,0,0,29,365,1,1,40,8.0,5,0,0.0,5,1
41986.0,0,1,15,27,5,8,8,3,12,3,3,0,4,4,0,0,0,0,0,0,0,37,140,1,1,63,7.875,10,0,0.0,3,0
28427.0,1,0,67,18,3,19,3,3,6,2,2,0,3,8,0,0,0,0,0,0,0,32,465,1,1,52,8.666666666666666,7,0,0.0,3,1
37395.0,1,0,47,18,0,9,0,1,11,1,1,0,3,6,0,0,0,0,0,0,0,39,58,1,1,39,7.8,5,0,0.0,5,1
64722.0,1,0,47,303,0,280,60,147,15,4,8,2,11,6,0,0,0,0,0,0,0,44,34,1,1,805,36.59090909090909,25,0,0.0,3,1
55249.0,0,1,81,97,1,19,2,0,11,1,2,1,4,3,0,0,0,0,0,0,0,59,73,1,1,130,16.25,8,0,0.0,4,1
84906.0,0,0,98,997,15,414,99,30,76,1,5,6,12,2,0,1,1,0,1,0,0,43,268,0,0,1631,67.95833333333333,24,3,0.6,3,1
28691.0,1,0,56,5,4,13,8,0,4,1,1,0,3,8,0,0,0,0,0,0,0,26,360,1,1,34,6.8,5,0,0.0,3,1
44213.0,1,1,48,95,11,35,0,4,7,4,2,1,5,6,0,0,0,0,0,0,0,63,212,2,1,152,16.88888888888889,12,0,0.0,3,0
25707.0,1,0,18,1,6,2,3,6,3,1,1,0,3,7,0,0,0,0,0,0,0,31,162,1,1,21,4.2,5,0,0.0,1,0
59062.0,2,1,74,46,1,12,3,0,9,2,2,0,3,4,0,0,0,0,0,0,0,48,269,3,1,71,11.833333333333334,7,0,0.0,5,1
76624.0,0,1,68,411,106,147,54,115,66,1,5,10,7,1,1,0,0,0,0,0,0,53,36,1,1,899,39.08695652173913,23,1,0.2,3,0
66000.0,0,0,36,244,51,270,101,0,45,1,1,3,5,1,0,0,0,0,0,0,0,68,70,0,0,711,71.1,10,0,0.0,4,1
27683.0,1,0,90,152,9,121,12,12,45,4,6,2,4,8,0,0,0,0,0,0,0,37,694,1,1,351,27.0,16,0,0.0,5,1
1730.0,0,0,65,1,1,3,1,1,1,15,0,0,0,20,0,0,0,0,0,0,0,44,42,0,0,8,8.0,15,0,0.0,3,0
7500.0,1,0,63,10,17,18,8,26,40,4,3,2,2,9,0,0,0,0,0,0,0,23,573,1,1,119,14.875,11,0,0.0,1,0
40521.0,1,1,82,12,0,5,0,0,4,1,0,1,2,5,0,0,0,0,0,0,0,47,450,2,1,21,5.25,4,0,0.0,3,1
20427.0,1,0,63,5,0,4,0,0,1,1,1,0,2,8,0,0,0,0,0,0,0,42,97,1,1,10,2.5,4,0,0.0,5,1
65106.0,0,1,55,790,19,133,12,0,19,3,8,3,13,6,0,1,0,0,0,0,0,40,36,1,1,973,38.92,27,1,0.2,3,1
69969.0,0,0,64,882,29,514,38,29,44,1,4,2,6,3,0,0,1,1,0,0,1,50,306,0,0,1536,118.15384615384616,13,2,0.4,5,1
67433.0,0,2,51,615,28,259,12,48,30,4,6,5,13,4,0,1,0,0,0,0,0,63,348,2,1,992,39.68,28,1,0.2,3,1
77766.0,0,1,97,1004,59,265,115,59,27,2,11,10,11,6,1,0,0,0,0,0,1,48,492,1,1,1529,46.333333333333336,34,1,0.2,5,1
74716.0,0,1,92,133,27,421,13,195,71,2,7,3,5,4,0,0,0,0,0,0,0,43,290,1,1,860,53.75,17,0,0.0,3,1
68118.0,0,1,51,595,23,123,10,23,154,2,8,9,4,6,0,0,0,0,0,0,0,52,254,1,1,928,42.18181818181818,23,0,0.0,3,0
55158.0,1,1,72,293,0,87,4,11,23,4,7,2,5,7,0,0,0,0,0,0,1,45,699,2,1,418,27.866666666666667,18,0,0.0,5,1
62972.0,0,1,39,313,15,47,20,0,192,2,7,4,3,6,0,0,0,0,0,0,1,60,695,1,1,587,39.13333333333333,16,0,0.0,2,1
74190.0,0,1,49,151,81,86,168,91,64,2,4,2,11,2,0,0,0,0,0,0,0,40,48,1,1,641,35.611111111111114,19,0,0.0,3,1
39356.0,1,1,21,15,0,2,0,0,6,1,1,0,2,6,1,0,0,0,0,0,0,39,102,2,1,23,5.75,4,1,0.2,3,1
76653.0,0,0,91,736,63,946,219,189,126,1,4,7,11,2,0,0,1,1,0,0,0,46,317,0,0,2279,99.08695652173913,23,2,0.4,3,1
35860.0,1,1,37,15,0,8,4,2,20,2,1,1,2,5,1,0,0,0,0,0,0,42,41,2,1,49,9.8,6,1,0.2,5,0
90687.0,0,0,98,982,17,672,23,34,51,1,6,2,8,2,0,0,1,0,0,0,1,32,403,0,0,1779,104.6470588235294,17,1,0.2,5,0
73450.0,0,0,85,1142,51,415,90,69,37,1,7,8,11,3,1,0,0,1,0,0,0,33,206,0,0,1804,66.81481481481481,27,2,0.4,4,1
31454.0,1,1,40,28,0,11,0,0,9,3,2,0,3,8,0,0,0,0,0,0,0,55,358,2,1,48,8.0,8,0,0.0,3,1
47139.0,1,1,2,46,0,12,0,2,23,2,2,1,2,7,0,0,0,0,0,0,1,63,115,2,1,83,13.833333333333334,7,0,0.0,3,0
83829.0,0,0,78,897,161,430,186,161,27,0,4,7,6,1,1,0,1,1,0,0,1,40,264,0,0,1862,103.44444444444444,17,3,0.6,3,0
53378.0,1,1,41,489,6,152,8,6,132,10,9,4,6,8,0,0,0,0,0,0,1,52,643,2,1,793,39.65,29,0,0.0,5,1
19656.0,1,0,94,25,4,9,6,8,32,3,2,1,3,7,0,0,0,0,0,0,0,45,506,1,1,84,12.0,9,0,0.0,3,1
45579.0,0,1,10,145,1,33,2,1,1,1,4,1,4,6,0,0,0,0,0,0,0,67,313,1,1,183,18.3,10,0,0.0,5,1
85485.0,0,0,73,630,26,611,44,18,54,1,6,6,6,2,0,0,0,0,0,0,0,57,8,0,0,1383,72.78947368421052,19,0,0.0,2,0
55956.0,0,0,22,760,38,104,50,9,38,2,7,3,4,4,0,1,0,0,0,0,0,71,83,0,0,999,66.6,16,1,0.2,3,1
64191.0,0,1,30,420,15,186,151,38,15,3,5,3,13,3,0,0,0,0,0,0,0,52,523,1,1,825,37.5,24,0,0.0,4,0
38808.0,1,0,21,125,17,52,3,19,30,4,5,1,4,8,1,0,0,0,0,0,1,43,672,1,1,246,22.363636363636363,14,1,0.2,3,0
57183.0,1,1,51,464,5,64,7,0,70,8,9,1,7,8,0,0,0,0,0,0,0,49,467,2,1,610,33.888888888888886,25,0,0.0,4,1
23748.0,1,0,97,6,6,29,12,15,8,3,2,1,3,8,0,0,0,0,0,0,0,47,585,1,1,76,10.857142857142858,9,0,0.0,4,0
66303.0,0,1,56,1090,12,96,16,12,60,4,3,4,11,8,0,1,0,0,0,0,0,44,488,1,1,1286,67.6842105263158,22,1,0.2,3,1
37368.0,1,0,4,3,2,11,2,2,10,1,1,0,2,6,1,0,0,0,0,0,0,40,195,1,1,30,7.5,4,1,0.2,4,1
40800.0,1,2,77,24,0,27,8,30,10,2,3,0,3,7,0,0,0,0,0,1,0,51,544,3,1,99,14.142857142857142,8,0,0.0,3,1
71847.0,0,0,95,737,21,106,55,63,210,0,6,7,9,3,0,0,0,1,0,0,0,37,646,0,0,1192,51.82608695652174,22,1,0.2,3,0
46149.0,0,1,36,254,6,71,4,0,27,5,5,1,7,5,0,0,0,0,0,0,0,40,212,1,1,362,25.857142857142858,18,0,0.0,3,1
78687.0,0,0,13,817,185,687,145,55,241,1,4,6,8,2,0,0,1,0,0,0,1,32,689,0,0,2130,112.10526315789474,19,1,0.2,3,1
49118.0,0,0,90,620,54,239,99,98,119,2,9,7,10,7,0,1,0,0,1,0,1,44,680,0,0,1229,45.51851851851852,28,2,0.4,2,0
37633.0,1,1,49,13,4,20,0,0,1,2,1,0,3,9,0,0,0,0,0,0,0,58,647,2,1,38,7.6,6,0,0.0,5,1
39767.0,0,0,18,113,61,204,34,26,47,2,7,1,7,8,0,0,0,0,0,0,0,64,343,0,0,485,30.3125,17,0,0.0,4,1
26997.0,0,0,89,7,23,78,133,49,144,2,4,2,5,7,0,0,0,0,0,0,0,64,601,0,0,434,36.166666666666664,13,0,0.0,1,1
33986.0,1,0,43,16,2,18,2,1,5,1,1,0,3,7,0,0,0,0,0,0,0,45,472,1,1,44,8.8,5,0,0.0,3,0
57091.0,0,1,82,462,0,24,6,0,4,2,9,2,5,7,0,1,0,0,0,0,1,43,583,1,1,496,29.176470588235293,18,1,0.2,5,1
46831.0,1,1,84,22,2,10,6,4,34,2,1,2,2,4,0,0,0,0,0,0,0,46,386,2,1,78,13.0,7,0,0.0,2,1
83151.0,0,0,80,968,147,842,137,42,210,1,5,7,10,2,1,0,1,1,0,0,1,43,504,0,0,2346,102.0,23,3,0.6,4,1
52531.0,0,0,68,283,112,151,51,72,125,2,7,2,10,6,0,0,0,0,0,0,0,44,546,0,0,794,39.7,21,0,0.0,3,1
15759.0,0,0,12,1,2,5,6,0,3,1,1,0,2,7,0,0,0,0,0,0,0,59,297,0,0,17,4.25,4,0,0.0,3,1
22804.0,1,0,75,14,1,7,2,1,1,1,2,0,2,9,0,0,0,0,0,0,0,44,333,1,1,26,5.2,5,0,0.0,3,0
43050.0,1,0,10,30,5,24,6,3,8,2,2,0,4,5,0,0,0,0,0,0,0,42,103,1,1,76,10.857142857142858,8,0,0.0,2,1
42997.0,1,1,91,4,0,5,0,1,5,1,1,0,2,7,0,0,0,0,0,0,0,38,204,2,1,15,3.75,4,0,0.0,5,0
48918.0,1,1,21,52,0,9,0,0,1,2,1,0,4,4,0,0,0,0,0,0,0,52,78,2,1,62,10.333333333333334,7,0,0.0,5,0
60033.0,0,1,28,62,1,57,19,11,48,2,2,1,5,2,0,0,0,0,0,0,0,61,92,1,1,198,22.0,10,0,0.0,4,1
34043.0,1,0,97,20,2,14,3,0,10,1,2,0,2,9,0,0,0,0,0,0,0,37,247,1,1,49,9.8,5,0,0.0,5,1
57811.0,0,1,49,545,7,114,37,21,78,5,7,2,11,5,0,1,0,0,0,0,0,49,370,1,1,802,38.19047619047619,25,1,0.2,3,1
78569.0,0,0,14,558,79,622,207,175,95,1,4,6,4,1,0,0,1,0,0,0,1,69,130,0,0,1736,115.73333333333333,15,1,0.2,3,1
7500.0,1,1,5,6,5,4,13,4,25,4,2,1,3,6,0,0,0,0,0,0,0,37,549,2,1,57,8.142857142857142,10,0,0.0,3,0
94437.68000000001,1,0,37,39,1,9,2,0,8,0,1,0,1,1,0,0,0,0,0,0,0,44,390,1,1,59,19.666666666666668,2,0,0.0,4,1
94384.0,0,0,62,1111,24,790,160,45,172,0,5,8,5,2,0,1,1,1,0,0,1,62,482,0,0,2302,121.15789473684211,18,3,0.6,3,1
23148.0,0,0,83,4,6,8,6,3,10,1,2,0,3,7,0,0,0,0,0,0,0,30,131,0,0,37,6.166666666666667,6,0,0.0,2,1
44267.0,1,1,48,183,5,65,3,5,49,5,5,2,4,9,0,0,0,0,0,0,0,45,489,2,1,310,25.833333333333332,16,0,0.0,3,0
71626.0,0,0,94,546,72,376,94,145,72,1,5,5,8,3,0,1,0,0,0,0,0,36,605,0,0,1305,68.6842105263158,19,1,0.2,3,1
60894.0,0,1,61,606,7,155,10,0,54,5,10,3,8,7,0,0,0,0,0,0,0,49,366,1,1,832,37.81818181818182,26,0,0.0,3,1
50200.0,1,1,70,266,6,51,8,6,64,6,7,1,5,8,0,0,0,0,0,0,0,39,452,2,1,401,28.642857142857142,19,0,0.0,3,1
81051.0,0,0,43,1142,29,249,38,29,14,1,5,5,12,2,0,1,1,0,0,0,0,50,37,0,0,1501,65.26086956521739,23,2,0.4,5,1
65169.0,0,0,23,1074,0,69,0,0,46,1,10,4,13,6,1,0,1,1,1,0,1,33,166,0,0,1189,42.464285714285715,28,4,0.8,3,1
59868.0,0,1,37,771,51,154,54,10,154,7,11,2,12,6,0,0,0,0,0,0,0,43,342,1,1,1194,45.92307692307692,32,0,0.0,3,1
65695.0,0,1,50,371,32,189,0,58,6,2,5,4,10,4,0,0,0,0,0,0,0,55,149,1,1,656,32.8,21,0,0.0,5,1
64857.0,0,0,78,556,14,717,210,0,43,1,7,5,10,4,0,0,0,0,0,0,0,59,583,0,0,1540,66.95652173913044,23,0,0.0,4,0
45143.0,0,1,74,202,5,74,11,5,14,3,6,1,5,7,0,0,0,0,0,0,0,50,307,1,1,311,23.923076923076923,15,0,0.0,4,1
74805.0,0,1,14,209,162,209,41,162,37,5,4,7,10,2,0,0,0,0,0,0,0,60,235,1,1,820,37.27272727272727,26,0,0.0,2,1
59060.0,1,0,77,35,40,111,36,40,12,3,3,1,7,4,0,0,0,0,0,0,0,26,169,1,1,274,22.833333333333332,14,0,0.0,2,1
27238.0,1,1,39,37,0,17,0,0,3,3,3,0,3,9,0,0,0,0,0,0,0,53,435,2,1,57,8.142857142857142,9,0,0.0,5,0
47009.0,0,1,89,171,45,73,59,10,90,4,3,2,8,4,0,0,0,0,0,0,0,50,271,1,1,448,32.0,17,0,0.0,3,1
46094.0,1,1,62,12,2,20,3,2,5,1,1,0,3,7,0,0,0,0,0,0,0,42,19,2,1,44,8.8,5,0,0.0,2,1
40321.0,1,1,59,44,4,21,6,0,27,2,3,0,3,7,0,0,0,0,0,0,0,43,335,2,1,102,14.571428571428571,8,0,0.0,3,1
37235.0,1,0,68,20,2,9,4,6,20,1,1,1,2,4,0,0,0,0,0,0,0,31,148,1,1,61,12.2,5,0,0.0,3,1
81843.0,0,0,13,779,86,537,34,69,138,1,5,9,12,3,0,0,0,0,0,0,0,55,433,0,0,1643,60.851851851851855,27,0,0.0,4,1
46692.0,0,1,37,170,6,97,24,12,88,3,6,1,5,6,0,0,0,0,0,0,0,57,388,1,1,397,30.53846153846154,15,0,0.0,4,1
77382.0,0,1,36,491,48,231,112,105,134,2,5,7,12,1,0,0,1,0,0,0,0,47,173,1,1,1121,44.84,26,1,0.2,3,1
37774.0,2,0,28,173,8,107,7,2,176,4,7,2,3,9,1,0,0,0,0,1,1,38,664,2,1,473,36.38461538461539,16,1,0.2,3,0
18393.0,1,0,2,7,10,13,16,0,4,2,3,0,3,8,0,0,0,0,0,0,0,41,92,1,1,50,7.142857142857143,8,0,0.0,1,1
72828.0,0,1,17,1205,0,235,19,14,205,6,6,3,13,7,0,0,0,0,0,0,0,53,500,1,1,1678,72.95652173913044,28,0,0.0,4,1
24711.0,0,0,86,10,7,25,6,3,7,1,3,0,3,7,0,0,0,0,0,0,0,33,72,0,0,58,8.285714285714286,7,0,0.0,3,1
45503.0,1,0,54,97,4,44,6,1,18,1,3,1,4,5,0,0,0,0,0,0,0,40,277,1,1,170,18.88888888888889,9,0,0.0,5,1
6560.0,0,0,2,67,11,26,4,3,262,0,1,0,1,17,0,0,0,0,0,0,0,33,199,0,0,373,124.33333333333333,2,0,0.0,4,0
71604.0,0,0,3,345,53,528,98,75,97,1,8,3,5,4,1,0,0,0,0,0,1,70,224,0,0,1196,70.3529411764706,17,1,0.2,5,1
27244.0,1,0,84,6,5,17,3,24,46,2,2,2,2,7,0,0,0,0,0,0,0,36,114,1,1,101,14.428571428571429,8,0,0.0,3,1
48752.0,1,1,8,73,57,100,71,15,0,5,6,1,5,9,0,0,0,0,0,0,1,46,564,2,1,316,24.307692307692307,17,0,0.0,3,1
71434.0,0,1,4,711,36,217,172,96,168,3,7,4,7,4,0,1,0,1,0,0,0,53,284,1,1,1400,73.6842105263158,21,2,0.4,3,1
90842.0,0,0,57,774,70,118,182,187,93,1,4,9,13,1,0,0,0,0,0,0,0,67,335,0,0,1424,52.74074074074074,27,0,0.0,3,0
88097.0,1,0,24,163,0,480,0,126,75,1,6,5,8,9,0,1,1,1,0,0,1,37,680,1,1,844,42.2,20,3,0.6,4,1
51948.0,0,1,51,82,33,54,71,30,41,2,5,2,4,5,0,0,0,0,0,0,0,40,285,1,1,311,25.916666666666668,13,0,0.0,3,1
71853.0,0,0,29,358,108,413,141,97,32,1,2,8,6,1,0,0,0,0,0,0,0,33,417,0,0,1149,67.58823529411765,17,0,0.0,3,1
35876.0,0,0,13,66,2,40,4,3,14,1,3,1,3,6,0,0,0,0,0,0,0,32,70,0,0,129,16.125,8,0,0.0,4,1
40049.0,0,1,23,13,6,7,0,3,3,1,1,0,3,6,0,0,0,0,0,0,0,63,256,1,1,32,6.4,5,0,0.0,3,0
39660.0,1,0,36,139,13,78,20,13,36,3,7,1,3,9,0,0,0,0,0,0,1,33,690,1,1,299,24.916666666666668,14,0,0.0,3,0
50127.0,0,1,88,274,0,21,4,6,15,1,5,1,6,6,0,1,0,0,0,0,0,53,31,1,1,320,24.615384615384617,13,1,0.2,3,1
43263.0,0,1,2,262,6,61,0,10,102,3,5,2,6,5,0,0,0,0,0,0,0,38,585,1,1,441,31.5,16,0,0.0,4,1
62845.0,1,1,3,1099,0,45,0,0,34,11,3,4,10,8,0,1,0,0,0,0,1,66,636,2,1,1178,65.44444444444444,28,1,0.2,4,1
18929.0,0,0,15,32,0,8,23,4,18,1,1,0,4,6,0,0,0,0,0,0,0,25,498,0,0,85,14.166666666666666,6,0,0.0,3,1
24367.0,1,0,58,2,4,2,0,11,5,1,1,0,2,9,0,0,0,0,0,0,0,33,466,1,1,24,6.0,4,0,0.0,1,0
33249.0,1,0,11,6,10,21,19,14,42,2,2,1,3,6,0,0,0,0,0,0,0,40,494,1,1,112,16.0,8,0,0.0,3,0
26887.0,0,1,27,6,7,4,3,4,6,1,1,0,3,6,0,0,0,0,0,0,0,56,504,1,1,30,6.0,5,0,0.0,2,1
50150.0,0,0,32,135,46,92,65,61,11,2,5,2,7,5,0,0,0,0,0,0,0,32,374,0,0,410,27.333333333333332,16,0,0.0,5,1
62061.0,0,1,12,641,7,84,0,30,38,3,10,4,7,6,0,1,0,0,0,0,0,39,302,1,1,800,36.36363636363637,24,1,0.2,3,1
85696.0,0,0,88,714,76,395,116,0,12,1,4,6,9,1,0,0,0,0,0,0,1,53,422,0,0,1313,65.65,20,0,0.0,5,0
76542.0,0,0,91,794,73,573,0,29,14,1,4,8,10,2,0,0,0,0,0,0,0,59,456,0,0,1483,64.47826086956522,23,0,0.0,5,1
70515.0,0,0,12,420,0,452,182,64,140,1,6,6,4,2,0,0,0,0,0,0,1,22,251,0,0,1258,74.0,17,0,0.0,3,0
18227.0,1,0,21,1,2,7,4,3,11,1,0,1,2,8,0,0,0,0,0,0,0,28,598,1,1,28,7.0,4,0,0.0,3,1
69139.0,0,1,23,86,12,75,33,15,6,1,4,1,5,4,0,0,0,0,0,0,0,50,153,1,1,227,20.636363636363637,11,0,0.0,3,1
69109.0,0,0,10,823,25,459,124,29,95,1,6,6,7,4,0,0,1,0,0,0,1,33,597,0,0,1555,77.75,20,1,0.2,3,1
69627.0,0,1,35,231,161,215,171,30,53,2,8,2,11,5,0,0,0,0,0,0,0,53,469,1,1,861,39.13636363636363,23,0,0.0,3,0
38136.0,1,0,69,8,15,27,0,20,33,2,3,1,2,8,1,0,0,0,0,0,0,37,433,1,1,103,14.714285714285714,8,1,0.2,3,1
62159.0,0,0,68,182,17,259,77,70,29,1,6,2,10,4,0,0,0,0,0,0,0,69,62,0,0,634,33.36842105263158,19,0,0.0,5,0
80695.0,0,0,85,557,129,984,193,37,18,1,5,8,5,2,0,0,0,0,0,0,0,52,182,0,0,1918,100.94736842105263,19,0,0.0,3,0
33316.0,1,1,34,79,1,31,4,4,12,3,2,1,4,6,0,0,0,0,0,0,0,44,268,2,1,131,16.375,10,0,0.0,4,0
58554.0,1,1,55,368,24,68,38,0,88,6,8,2,6,7,0,0,0,0,0,0,0,47,641,2,1,586,34.470588235294116,22,0,0.0,3,1
17256.0,1,0,10,6,4,14,8,8,22,2,2,1,2,8,1,0,0,0,0,0,0,23,218,1,1,62,10.333333333333334,7,1,0.2,1,1
53034.0,1,1,30,160,15,196,15,11,50,8,6,1,7,8,0,0,0,0,0,0,0,41,395,2,1,447,29.8,22,0,0.0,3,0
52203.0,0,0,36,488,21,238,56,108,28,1,8,7,11,6,0,0,0,0,0,0,0,65,698,0,0,939,34.77777777777778,27,0,0.0,2,1
59601.0,0,1,14,691,7,69,0,7,23,4,2,2,7,8,0,1,0,0,0,0,0,38,339,1,1,797,66.41666666666667,15,1,0.2,2,0
75154.0,0,1,79,543,10,205,160,143,82,1,6,3,6,3,0,0,0,0,0,0,1,57,663,1,1,1143,71.4375,16,0,0.0,4,0
47025.0,0,1,52,254,7,108,20,0,26,3,6,3,5,6,0,0,0,0,0,0,0,39,234,1,1,415,27.666666666666668,17,0,0.0,3,0
37971.0,1,0,97,5,4,10,2,2,7,1,1,0,3,8,0,0,0,0,0,0,0,42,216,1,1,30,6.0,5,0,0.0,3,1
41335.0,1,0,24,112,19,21,16,14,5,3,4,1,4,7,0,0,0,0,0,0,0,47,185,1,1,187,18.7,12,0,0.0,4,0
67267.0,0,1,0,134,11,59,15,2,30,1,3,2,5,2,0,0,0,0,0,0,0,57,47,1,1,251,22.818181818181817,11,0,0.0,3,1
57338.0,0,1,96,143,6,52,11,8,17,2,4,1,5,5,0,0,0,0,0,0,0,40,61,1,1,237,21.545454545454547,12,0,0.0,3,0
50523.0,1,1,89,51,4,24,4,7,1,2,2,0,4,6,0,0,0,0,0,0,0,55,186,2,1,91,13.0,8,0,0.0,2,1
35791.0,2,1,94,27,0,5,0,0,3,2,1,0,3,8,0,0,0,0,0,0,0,50,419,3,1,35,7.0,6,0,0.0,4,0
50611.0,0,1,98,459,0,24,6,0,4,6,4,5,7,6,0,1,0,0,0,0,0,55,633,1,1,493,29.0,22,1,0.2,5,0
56242.0,0,1,72,689,8,167,11,8,88,5,8,4,11,6,0,0,0,0,0,0,0,46,483,1,1,971,40.458333333333336,28,0,0.0,5,1
48904.0,0,1,1,283,10,38,0,13,27,4,7,2,4,8,0,0,0,0,0,0,0,55,574,1,1,371,26.5,17,0,0.0,3,0
56243.0,1,2,26,347,0,35,4,3,7,6,4,2,8,5,0,0,0,0,0,0,0,40,181,3,1,396,26.4,20,0,0.0,3,0
21355.0,1,0,5,5,13,14,0,5,31,2,2,1,2,6,1,0,0,0,0,0,1,30,313,1,1,68,11.333333333333334,7,1,0.2,3,1
57420.0,0,1,22,280,0,18,0,0,24,3,5,1,6,7,0,1,0,0,0,0,0,44,369,1,1,322,24.76923076923077,15,1,0.2,4,1
51381.5,0,1,39,187,5,65,26,20,14,2,4,2,6,5,0,0,0,0,0,0,0,45,454,1,1,317,24.384615384615383,14,0,0.0,4,1
46390.0,0,1,56,95,14,64,2,9,38,1,4,2,3,7,0,0,0,0,0,0,0,60,55,1,1,222,22.2,10,0,0.0,4,0
54342.0,1,1,74,84,10,34,11,10,28,4,3,1,4,6,0,0,0,0,0,0,0,59,361,2,1,177,19.666666666666668,12,0,0.0,2,1
51381.5,1,1,87,19,4,12,2,2,6,1,1,0,3,5,0,0,0,0,0,0,0,57,664,2,1,45,9.0,5,0,0.0,3,1
51381.5,1,1,49,5,1,9,2,0,4,1,1,0,2,7,0,0,0,0,0,0,0,51,168,2,1,21,5.25,4,0,0.0,2,0
20895.0,1,0,24,18,3,17,3,0,4,1,2,0,3,9,0,0,0,0,0,0,0,42,631,1,1,45,7.5,6,0,0.0,3,1
92344.0,0,0,9,992,24,694,51,19,119,0,5,10,5,1,1,0,1,0,0,0,0,67,165,0,0,1899,90.42857142857143,20,2,0.4,3,1
51381.5,1,0,17,25,1,13,0,0,3,1,1,0,3,7,0,0,0,0,0,0,0,43,119,1,1,42,8.4,5,0,0.0,5,1
26907.0,1,1,10,9,1,7,0,3,2,2,1,0,3,7,0,0,0,0,0,0,0,39,313,2,1,22,4.4,6,0,0.0,2,1
44964.0,1,1,35,19,1,17,2,0,2,1,1,0,3,8,0,0,0,0,0,0,0,35,560,2,1,41,8.2,5,0,0.0,3,1
75507.0,0,0,56,709,93,374,104,80,80,1,8,6,6,3,0,0,0,0,0,0,0,36,58,0,0,1440,68.57142857142857,21,0,0.0,3,1
53761.0,1,1,7,158,0,76,13,7,71,6,4,4,3,5,0,0,0,0,0,0,0,43,261,2,1,325,27.083333333333332,17,0,0.0,4,1
22682.0,1,0,51,10,14,29,4,2,36,3,2,1,4,4,0,0,0,0,0,0,0,42,269,1,1,95,11.875,10,0,0.0,3,1
38887.0,1,0,17,25,1,13,0,0,3,1,1,0,3,7,0,0,0,0,0,0,0,43,119,1,1,42,8.4,5,0,0.0,5,1
41658.0,1,1,30,8,4,12,15,4,29,2,1,1,2,4,0,0,0,0,0,0,0,40,597,2,1,72,14.4,6,0,0.0,2,0
29791.0,1,0,21,14,0,6,0,0,0,2,2,0,3,5,0,0,0,0,0,0,0,43,45,1,1,20,3.3333333333333335,7,0,0.0,5,1
63915.0,0,2,2,622,7,115,30,0,15,2,6,3,12,5,0,0,0,0,0,0,0,59,334,2,1,789,35.86363636363637,23,0,0.0,4,1
39996.0,1,1,85,11,0,3,0,0,1,1,1,0,2,6,0,0,0,0,0,0,0,41,38,2,1,15,3.75,4,0,0.0,3,0
26759.0,1,0,65,25,3,16,8,5,2,2,2,1,3,6,0,0,0,0,0,0,0,43,142,1,1,59,8.428571428571429,8,0,0.0,3,0
63841.0,0,1,64,635,15,100,20,7,131,1,9,3,9,6,0,0,0,0,0,0,0,47,434,1,1,908,41.27272727272727,22,0,0.0,4,0
51039.0,1,1,11,100,64,79,65,0,109,2,6,2,4,7,0,0,0,0,0,0,0,46,566,2,1,417,32.07692307692308,14,0,0.0,5,1
60544.0,1,1,92,201,2,43,3,5,35,4,5,1,5,6,0,0,0,0,0,0,0,54,673,2,1,289,24.083333333333332,15,0,0.0,3,1
65685.0,0,1,54,642,14,49,0,7,57,1,9,2,9,5,0,0,0,0,0,0,0,43,92,1,1,769,36.61904761904762,21,0,0.0,3,1
37716.0,0,1,4,97,1,41,6,2,41,2,4,1,3,7,0,0,0,0,0,0,0,62,69,1,1,188,20.88888888888889,10,0,0.0,3,1
36864.0,0,1,53,204,5,39,17,0,89,3,5,2,4,8,0,0,0,0,0,0,1,58,685,1,1,354,29.5,14,0,0.0,3,0
44511.0,1,0,39,513,7,133,46,14,14,6,8,4,8,8,0,0,0,0,0,0,0,45,625,1,1,727,34.61904761904762,26,0,0.0,4,1
36947.0,1,1,49,88,3,21,4,1,29,4,3,0,4,9,0,0,0,0,0,0,0,48,691,2,1,146,18.25,11,0,0.0,5,1
47352.0,0,1,70,172,12,112,8,0,15,4,6,1,5,7,0,0,0,0,0,0,0,64,444,1,1,319,24.53846153846154,16,0,0.0,4,1
67087.0,0,1,40,329,35,222,130,35,43,2,7,5,8,4,0,0,0,0,0,0,0,62,194,1,1,794,37.80952380952381,22,0,0.0,4,1
57045.0,0,1,40,296,13,104,11,13,17,3,4,2,9,3,0,0,0,0,0,0,0,65,659,1,1,454,28.375,18,0,0.0,3,1
36957.0,1,1,43,100,2,16,2,1,31,4,3,2,2,9,0,0,0,0,0,0,1,62,661,2,1,152,19.0,11,0,0.0,5,0
69389.0,0,1,17,422,7,238,69,46,15,1,7,2,12,4,0,0,0,0,0,0,0,38,639,1,1,797,36.22727272727273,22,0,0.0,5,1
80134.0,1,0,40,1218,16,272,104,0,80,2,5,3,6,6,0,1,1,1,0,0,1,43,405,1,1,1690,112.66666666666667,16,3,0.6,3,1
43142.0,1,1,84,5,1,7,2,1,4,1,1,0,2,7,0,0,0,0,0,0,0,46,131,2,1,20,5.0,4,0,0.0,4,1
80589.0,0,0,25,507,93,520,242,40,26,1,5,10,5,1,0,0,0,1,0,0,1,71,158,0,0,1428,68.0,21,1,0.2,3,1
34412.0,1,0,62,52,12,50,4,36,55,3,5,0,3,9,0,0,0,0,0,0,0,25,501,1,1,209,23.22222222222222,11,0,0.0,3,0
57537.0,1,0,83,191,56,139,51,8,100,4,4,3,8,4,0,0,0,0,0,0,0,36,384,1,1,545,34.0625,19,0,0.0,3,0
22634.0,0,0,47,2,23,11,8,6,46,1,2,1,2,8,0,0,0,0,0,0,0,49,529,0,0,96,16.0,6,0,0.0,1,1
51315.0,0,0,45,68,28,39,16,30,41,1,2,2,5,2,0,0,0,0,0,0,0,67,126,0,0,222,22.2,10,0,0.0,3,1
36026.0,2,1,34,20,4,10,6,4,17,2,2,0,3,6,0,0,0,0,0,0,0,43,105,3,1,61,10.166666666666666,7,0,0.0,3,1
24639.0,1,1,3,20,3,16,0,4,1,3,2,0,4,6,0,0,0,0,0,0,0,42,152,2,1,44,6.285714285714286,9,0,0.0,3,1
34578.0,2,1,1,7,0,1,0,0,0,1,1,0,2,6,0,0,0,0,0,0,0,43,79,3,1,8,2.0,4,0,0.0,5,1
65704.0,0,0,18,279,172,74,38,8,246,1,2,10,10,1,0,0,0,0,0,0,0,43,259,0,0,817,35.52173913043478,23,0,0.0,2,0
63810.0,0,1,45,977,12,253,16,12,101,4,4,3,12,8,0,1,0,0,0,0,0,49,595,1,1,1371,68.55,23,1,0.2,3,0
54132.0,0,1,81,30,1,8,0,0,3,1,1,0,3,7,0,0,0,0,0,0,0,46,133,1,1,42,8.4,5,0,0.0,5,1
18690.0,0,0,77,6,1,7,23,4,19,1,1,1,2,8,0,0,0,0,0,0,0,56,548,0,0,60,12.0,5,0,0.0,3,1
28164.0,1,0,23,3,18,26,11,8,12,3,2,0,4,7,0,0,0,0,0,0,0,45,421,1,1,78,11.142857142857142,9,0,0.0,3,1
34596.0,1,0,48,14,0,2,0,0,7,1,1,0,2,8,0,0,0,0,0,0,0,41,442,1,1,23,5.75,4,0,0.0,5,1
43269.0,1,0,61,10,1,7,0,0,1,1,1,0,2,8,0,0,0,0,0,0,0,43,286,1,1,19,4.75,4,0,0.0,5,1
38741.0,1,1,60,7,10,17,8,6,13,2,2,0,3,7,0,0,0,0,0,0,0,57,91,2,1,61,10.166666666666666,7,0,0.0,2,0
31907.0,0,0,75,33,87,64,175,16,74,1,6,1,6,7,0,0,0,0,0,0,0,43,482,0,0,449,32.07142857142857,14,0,0.0,3,0
27100.0,1,0,64,12,0,13,2,0,10,1,1,0,3,7,0,0,0,0,0,0,0,32,450,1,1,37,7.4,5,0,0.0,4,1
31163.0,1,0,54,2,3,10,11,2,10,1,1,0,3,6,0,0,0,0,0,0,0,42,136,1,1,38,7.6,5,0,0.0,2,0
92533.0,0,0,84,693,21,118,110,147,42,1,6,5,11,2,0,0,1,1,0,0,0,30,192,0,0,1131,49.17391304347826,23,2,0.4,3,1
34853.0,1,1,75,9,3,15,2,3,2,2,2,0,3,6,0,0,0,0,0,0,0,42,188,2,1,34,5.666666666666667,7,0,0.0,3,0
70844.0,1,1,16,129,26,67,3,67,2,5,6,1,5,7,0,0,0,0,0,0,0,48,242,2,1,294,22.615384615384617,17,0,0.0,3,0
31086.0,1,1,79,16,2,11,3,0,16,2,1,1,2,8,1,0,0,0,0,0,0,36,421,2,1,48,9.6,6,1,0.2,2,1
60544.0,1,1,92,201,2,43,3,5,35,4,5,1,5,6,0,0,0,0,0,0,0,54,673,2,1,289,24.083333333333332,15,0,0.0,3,1
20491.0,0,0,16,5,4,5,4,2,10,1,0,1,2,7,0,0,0,0,0,0,0,29,520,0,0,30,7.5,4,0,0.0,2,1
42523.0,0,0,96,14,36,11,3,26,35,1,1,1,4,2,0,0,0,0,0,0,0,51,67,0,0,125,17.857142857142858,7,0,0.0,3,1
39922.0,1,0,30,29,12,59,19,1,36,2,3,0,4,8,0,0,0,0,0,0,0,32,500,1,1,156,19.5,9,0,0.0,3,1
33402.0,1,1,60,26,2,19,10,5,8,3,2,1,3,8,0,0,0,0,0,0,0,63,346,2,1,70,10.0,9,0,0.0,3,1
36408.0,1,1,11,9,1,4,3,2,3,1,1,0,2,6,0,0,0,0,0,0,0,66,281,2,1,22,5.5,4,0,0.0,4,1
21645.0,1,0,75,14,0,23,4,5,19,3,3,0,3,9,0,0,0,0,0,0,1,36,664,1,1,65,9.285714285714286,9,0,0.0,3,1
78427.0,0,0,36,972,19,595,180,26,138,3,3,7,10,3,0,0,0,1,0,0,1,67,613,0,0,1930,91.9047619047619,23,1,0.2,4,0
82657.0,0,0,71,966,168,672,246,105,126,1,7,5,10,4,0,1,0,1,0,0,0,69,275,0,0,2283,99.26086956521739,23,2,0.4,3,1
51876.0,0,0,88,99,27,102,28,48,6,1,2,2,8,1,0,0,0,0,0,0,0,57,257,0,0,310,23.846153846153847,13,0,0.0,3,1
78041.0,0,0,93,482,35,553,72,160,17,1,4,4,9,2,0,0,0,0,0,0,0,44,560,0,0,1319,73.27777777777777,18,0,0.0,2,1
52852.0,0,1,93,714,8,99,11,0,47,4,10,7,5,8,1,0,0,0,0,0,0,58,575,1,1,879,38.21739130434783,26,1,0.2,3,1
70038.0,0,0,54,587,54,348,71,54,130,1,4,4,8,2,0,0,0,0,0,0,0,33,247,0,0,1244,73.17647058823529,17,0,0.0,5,1
69401.0,0,1,41,399,27,159,58,8,39,4,4,4,5,2,0,0,0,0,0,0,0,42,98,1,1,690,49.285714285714285,17,0,0.0,2,1
46053.0,1,0,46,56,10,92,19,7,25,3,3,2,4,5,0,0,0,0,0,0,0,43,497,1,1,209,20.9,12,0,0.0,3,1
77343.0,0,0,28,227,151,573,98,54,31,1,3,4,9,1,0,0,0,0,0,0,0,50,20,0,0,1134,66.70588235294117,17,0,0.0,3,1
73892.0,0,0,40,703,102,601,0,58,43,1,3,11,8,1,0,0,0,0,0,0,1,62,228,0,0,1507,65.52173913043478,23,0,0.0,3,0
40304.0,1,0,82,37,0,17,0,0,3,1,2,0,3,7,0,0,0,0,0,0,0,48,272,1,1,57,9.5,6,0,0.0,5,0
32727.0,0,0,38,167,13,180,86,13,70,2,7,3,5,8,0,0,0,0,0,0,0,50,670,0,0,529,33.0625,17,0,0.0,5,1
68695.0,0,0,3,458,81,356,106,50,40,1,4,4,7,2,0,0,0,0,0,0,0,46,4,0,0,1091,68.1875,16,0,0.0,3,1
43300.0,0,1,87,91,3,52,2,1,31,3,4,0,4,8,0,0,0,0,0,0,1,44,624,1,1,180,20.0,11,0,0.0,3,0
26290.0,1,1,49,15,8,16,11,5,22,4,2,0,4,6,0,0,0,0,0,0,0,43,533,2,1,77,11.0,10,0,0.0,3,1
93790.0,0,0,16,1302,68,731,89,114,45,0,6,7,12,2,0,1,1,1,0,0,1,45,137,0,0,2349,90.34615384615384,25,3,0.6,3,0
38410.0,0,0,65,153,64,123,116,64,14,2,5,2,9,6,0,0,0,0,0,0,1,41,653,0,0,534,31.41176470588235,18,0,0.0,5,1
64866.0,0,1,9,508,5,21,7,5,10,4,7,3,7,5,0,1,0,0,0,0,0,65,154,1,1,556,30.88888888888889,21,1,0.2,4,0
57957.0,0,1,24,290,59,177,77,5,29,7,4,6,8,3,0,0,0,0,0,1,0,56,314,1,1,637,33.526315789473685,25,0,0.0,3,1
46015.0,1,1,25,38,0,2,0,0,6,1,1,0,3,7,1,0,0,0,1,0,0,60,77,2,1,46,9.2,5,2,0.4,5,1
16531.0,1,0,43,2,13,6,7,5,11,3,3,0,3,7,0,0,0,0,0,0,0,37,11,1,1,44,6.285714285714286,9,0,0.0,3,1
28072.0,1,0,10,30,0,10,2,0,5,1,1,0,3,7,0,0,0,0,0,0,0,29,356,1,1,47,9.4,5,0,0.0,4,1
49476.0,0,1,29,386,23,95,54,41,196,4,2,11,5,2,0,0,0,0,0,0,0,52,374,1,1,795,41.8421052631579,22,0,0.0,4,0
50725.0,0,1,45,443,10,75,0,10,48,4,8,1,8,8,0,0,0,0,0,0,0,62,501,1,1,586,32.55555555555556,21,0,0.0,3,1
83844.0,0,0,57,901,31,345,75,31,191,1,4,4,11,1,0,0,1,0,0,0,0,63,413,0,0,1574,78.7,20,1,0.2,3,1
41145.0,1,1,20,9,0,3,0,0,1,1,0,0,3,3,0,0,0,0,0,0,0,65,141,2,1,13,3.25,4,0,0.0,5,1
67419.0,0,1,29,846,84,352,91,56,42,4,9,4,8,5,0,0,0,0,0,0,0,45,529,1,1,1471,66.86363636363636,25,0,0.0,3,1
23162.0,1,1,82,8,3,9,19,4,22,3,1,1,3,6,0,0,0,0,0,0,0,45,190,2,1,65,10.833333333333334,8,0,0.0,2,1
34380.0,1,0,68,72,7,58,13,1,24,4,4,1,3,8,0,0,0,0,0,0,0,38,423,1,1,175,19.444444444444443,12,0,0.0,3,1
34704.0,0,1,65,29,0,5,0,1,5,1,1,0,3,5,0,0,0,0,0,0,0,49,428,1,1,40,8.0,5,0,0.0,3,0
94437.68000000001,0,2,99,169,24,553,188,0,144,1,8,5,4,7,0,1,1,0,0,0,1,46,666,2,1,1078,59.888888888888886,18,2,0.4,5,1
65148.0,0,1,9,460,35,422,33,12,153,2,6,6,7,4,0,0,0,0,0,0,0,57,590,1,1,1115,55.75,21,0,0.0,3,1
39898.0,0,1,20,69,8,26,12,7,12,2,3,0,4,7,0,0,0,0,0,0,0,61,502,1,1,134,16.75,9,0,0.0,3,1
64857.0,0,0,78,556,14,717,210,0,43,1,7,5,10,4,0,0,0,0,0,0,0,59,583,0,0,1540,66.95652173913044,23,0,0.0,4,0
59892.0,0,1,26,73,0,13,0,1,0,1,2,1,3,3,0,0,0,0,0,0,0,45,239,1,1,87,12.428571428571429,7,0,0.0,5,1
41020.0,0,0,68,112,1,54,7,7,36,1,3,2,4,3,0,0,0,0,0,0,0,28,244,0,0,217,21.7,10,0,0.0,4,0
57072.0,0,1,79,944,0,60,0,0,30,2,7,5,13,5,1,0,0,0,0,0,0,54,156,1,1,1034,39.76923076923077,27,1,0.2,5,1
60474.0,0,1,25,265,199,303,234,9,170,7,10,2,12,7,0,0,0,0,0,0,0,36,454,1,1,1180,47.2,31,0,0.0,3,0
62807.0,0,1,83,526,28,135,10,21,99,3,5,3,12,5,0,0,0,0,0,0,0,55,667,1,1,819,39.0,23,0,0.0,3,1
19414.0,1,0,32,2,3,12,3,5,7,1,1,0,3,8,0,0,0,0,0,0,0,34,256,1,1,32,6.4,5,0,0.0,2,1
19107.0,1,0,49,2,4,9,10,5,16,2,1,0,3,7,0,0,0,0,0,0,0,35,311,1,1,46,9.2,6,0,0.0,3,1
75484.0,0,1,50,378,97,259,197,194,34,2,7,3,6,4,0,0,0,0,0,0,0,39,696,1,1,1159,68.17647058823529,18,0,0.0,2,1
70379.0,0,1,84,553,25,142,65,67,8,3,6,3,13,4,0,0,0,0,0,0,0,39,483,1,1,860,37.391304347826086,25,0,0.0,4,0
79419.0,0,0,96,751,127,687,20,15,31,1,4,6,4,2,0,0,0,0,0,0,0,45,7,0,0,1631,108.73333333333333,15,0,0.0,4,1
64014.0,2,1,56,406,0,30,0,0,8,7,8,2,5,7,0,0,0,1,0,0,0,69,19,3,1,444,27.75,22,1,0.2,5,1
76998.0,0,1,85,1449,89,161,69,35,107,2,11,8,8,6,0,0,1,0,0,0,0,60,534,1,1,1910,68.21428571428571,29,1,0.2,3,1
49854.0,1,0,63,123,17,171,39,0,30,5,6,2,5,6,0,0,0,0,0,0,0,43,231,1,1,380,27.142857142857142,18,0,0.0,4,1
60585.0,1,1,17,267,42,309,55,42,21,10,7,4,9,5,0,0,0,0,0,0,1,44,370,2,1,736,35.04761904761905,30,0,0.0,5,1
42873.0,1,1,11,209,0,40,3,2,15,4,6,1,4,8,0,0,0,0,0,0,0,65,524,2,1,269,22.416666666666668,15,0,0.0,5,0
87679.0,0,0,62,1259,172,815,97,148,33,1,7,11,10,4,1,0,1,1,0,0,1,27,337,0,0,2524,87.03448275862068,29,3,0.6,3,1
57867.0,1,0,48,344,35,178,15,23,17,7,7,2,9,6,0,0,0,0,0,0,0,37,271,1,1,612,32.21052631578947,25,0,0.0,3,1
35765.0,1,0,86,22,3,30,0,5,15,2,2,0,4,6,0,0,0,0,0,0,0,25,200,1,1,75,10.714285714285714,8,0,0.0,3,1
65492.0,0,0,73,247,161,295,210,85,47,2,4,7,13,2,0,0,0,0,0,0,0,56,154,0,0,1045,41.8,26,0,0.0,3,1
32952.0,1,0,36,38,0,12,3,1,1,1,2,0,3,7,0,0,0,0,0,0,0,38,210,1,1,55,9.166666666666666,6,0,0.0,3,0
53374.0,0,1,34,896,10,101,13,10,34,6,4,2,9,9,1,0,0,0,0,0,1,46,682,1,1,1064,66.5,21,1,0.2,5,1
71706.0,0,1,16,931,56,253,91,98,14,4,9,5,7,5,0,0,0,0,0,0,0,56,593,1,1,1443,65.5909090909091,25,0,0.0,3,1
68487.0,0,0,48,758,12,385,33,89,89,1,9,7,13,4,0,0,0,0,0,0,0,27,532,0,0,1366,45.53333333333333,30,0,0.0,3,1
53253.0,1,1,61,216,9,57,20,9,125,7,4,3,5,5,0,0,0,0,0,0,0,40,503,2,1,436,33.53846153846154,19,0,0.0,4,1
31163.0,1,0,54,2,3,10,11,2,10,1,1,0,3,6,0,0,0,0,0,0,0,42,136,1,1,38,7.6,5,0,0.0,2,0
42014.0,1,0,56,244,15,108,4,15,50,6,7,1,6,8,0,0,0,0,0,0,1,38,681,1,1,436,29.066666666666666,20,0,0.0,3,1
54108.0,1,1,74,539,6,91,8,6,97,13,8,2,9,8,0,0,0,0,0,0,0,42,601,2,1,747,37.35,32,0,0.0,4,1
49667.0,0,0,35,1181,26,120,17,13,39,2,5,10,5,8,1,0,0,0,0,0,1,60,678,0,0,1396,66.47619047619048,22,1,0.2,5,0
63206.0,0,0,65,750,8,125,11,8,26,1,4,3,6,2,0,0,1,0,0,0,0,41,101,0,0,928,66.28571428571429,14,1,0.2,4,1
57136.0,1,1,48,306,5,109,21,109,92,9,5,2,10,6,0,0,0,0,0,0,0,43,355,2,1,642,35.666666666666664,26,0,0.0,4,1
46772.0,0,1,88,350,104,189,197,151,57,6,11,8,5,8,1,0,0,0,0,0,0,40,599,1,1,1048,41.92,30,1,0.2,2,1
78931.0,0,0,19,331,197,170,58,152,35,1,2,8,13,1,0,0,0,0,0,0,0,44,247,0,0,943,39.291666666666664,24,0,0.0,5,1
53977.0,0,1,21,620,16,165,0,24,82,5,5,5,12,5,0,0,0,0,0,0,0,57,386,1,1,907,39.43478260869565,27,0,0.0,3,1
84219.0,0,0,27,434,137,400,45,137,45,1,3,4,10,1,0,0,0,0,0,0,0,27,147,0,0,1198,66.55555555555556,18,0,0.0,3,1
46098.0,1,1,86,57,0,27,0,0,36,4,3,2,2,8,0,0,0,0,0,0,0,40,680,2,1,120,15.0,11,0,0.0,4,0
73538.0,0,1,92,811,76,428,99,137,107,3,10,4,9,7,0,0,0,0,0,0,0,50,581,1,1,1658,69.08333333333333,26,0,0.0,3,1
79529.0,0,0,1,423,42,706,73,197,197,1,4,8,9,2,0,0,0,0,0,0,0,29,63,0,0,1638,74.45454545454545,22,0,0.0,3,1
20981.0,0,0,14,2,12,10,6,13,30,1,3,1,2,8,0,0,0,0,0,0,1,38,425,0,0,73,10.428571428571429,7,0,0.0,2,1
51766.0,1,0,74,60,51,87,6,20,51,2,4,2,4,5,0,0,0,0,0,0,0,35,110,1,1,275,25.0,12,0,0.0,3,0
55759.0,0,1,84,675,0,85,10,7,77,5,10,3,8,8,0,0,0,0,0,0,0,53,578,1,1,854,38.81818181818182,26,0,0.0,3,1
33039.0,1,0,4,30,8,12,8,8,12,1,2,0,4,5,0,0,0,0,0,0,0,37,293,1,1,78,11.142857142857142,7,0,0.0,3,1
37787.0,1,0,50,40,1,40,4,3,18,1,3,0,3,8,0,0,0,0,0,0,0,43,282,1,1,106,15.142857142857142,7,0,0.0,4,1
27242.0,1,0,2,3,17,26,20,1,39,2,2,0,3,9,0,0,0,0,0,0,1,45,595,1,1,106,17.666666666666668,7,0,0.0,3,0
87188.0,0,0,73,910,111,724,49,74,55,1,10,2,6,3,0,0,0,0,0,0,1,32,391,0,0,1923,101.21052631578948,19,0,0.0,5,0
69930.0,0,0,21,252,98,827,219,70,196,1,4,5,12,3,0,0,0,0,0,0,0,44,399,0,0,1662,75.54545454545455,22,0,0.0,3,1
37697.0,1,0,82,34,6,21,11,4,8,1,2,1,3,6,0,0,0,0,0,0,0,39,142,1,1,84,12.0,7,0,0.0,3,0
37401.0,1,0,14,19,3,19,3,1,3,2,2,0,3,7,0,0,0,0,0,0,0,42,54,1,1,48,8.0,7,0,0.0,5,1
3502.0,1,0,56,2,1,1,0,0,1,0,0,0,0,14,0,0,0,0,0,0,0,42,442,1,1,5,5.0,0,0,0.0,3,0
58597.0,1,1,20,490,0,184,10,28,21,12,7,4,9,7,0,0,0,0,0,0,0,39,586,2,1,733,34.904761904761905,32,0,0.0,3,1
82032.0,0,0,54,332,194,377,149,125,57,0,4,6,7,1,0,0,0,0,0,0,0,67,85,0,0,1234,68.55555555555556,17,0,0.0,5,0
28087.0,1,1,77,53,8,17,13,0,21,3,2,2,2,7,0,0,0,0,0,0,0,57,565,2,1,112,16.0,9,0,0.0,3,1
74004.0,0,0,5,784,48,560,42,176,48,1,4,6,4,3,0,0,1,1,0,0,1,28,125,0,0,1658,110.53333333333333,15,2,0.4,5,0
19740.0,0,1,65,7,11,3,10,4,20,2,1,1,3,5,0,0,0,0,0,0,0,55,462,1,1,55,9.166666666666666,7,0,0.0,3,1
57036.0,0,1,33,1171,43,219,19,14,47,4,6,3,13,9,1,0,0,0,0,0,0,40,565,1,1,1513,65.78260869565217,26,1,0.2,2,1
53083.0,1,1,65,215,7,33,3,0,13,6,5,1,5,7,0,1,0,0,0,0,0,57,410,2,1,271,22.583333333333332,17,1,0.2,2,1
69283.0,0,1,41,674,62,134,0,26,8,4,7,3,13,5,0,0,0,0,0,0,0,40,15,1,1,904,37.666666666666664,27,0,0.0,5,1
46098.0,1,1,86,57,0,27,0,0,36,4,3,2,2,8,0,0,0,0,0,0,1,40,680,2,1,120,15.0,11,0,0.0,4,0
23331.0,1,0,92,5,36,7,0,10,45,2,3,0,3,8,0,0,0,0,0,0,0,27,663,1,1,103,14.714285714285714,8,0,0.0,2,1
23331.0,1,0,97,104,20,101,24,15,5,6,5,1,5,9,0,0,0,0,0,0,0,27,632,1,1,269,22.416666666666668,17,0,0.0,2,0
9255.0,1,0,91,9,0,7,2,0,4,1,1,1,2,8,0,0,0,0,0,0,0,26,191,1,1,22,4.4,5,0,0.0,3,0
67786.0,0,0,0,431,82,441,80,20,102,1,3,6,6,1,0,0,0,0,0,0,1,56,204,0,0,1156,72.25,16,0,0.0,5,0
71969.0,0,1,59,1000,0,76,0,0,10,3,3,4,9,8,0,1,0,0,0,0,0,44,621,1,1,1086,63.88235294117647,19,1,0.2,5,1
59235.0,1,0,4,448,40,469,80,0,91,3,11,2,12,7,0,0,0,0,0,0,0,48,533,1,1,1128,43.38461538461539,28,0,0.0,4,0
31928.0,1,0,5,33,4,24,4,2,5,2,3,0,4,7,0,0,0,0,0,0,0,26,93,1,1,72,9.0,9,0,0.0,3,1
74881.0,1,1,48,505,72,270,36,27,54,4,9,2,12,5,0,0,0,0,0,0,0,54,478,2,1,964,40.166666666666664,27,0,0.0,4,1
65819.0,0,0,99,267,38,701,149,165,63,1,5,4,10,3,0,0,0,0,0,0,0,37,577,0,0,1383,69.15,20,0,0.0,3,1
51411.0,1,2,81,14,0,3,0,0,1,1,0,0,3,5,0,0,0,0,0,0,0,62,399,3,1,18,4.5,4,0,0.0,5,0
51983.0,0,1,95,631,0,115,10,7,30,3,9,2,10,7,0,0,0,0,0,0,0,51,667,1,1,793,36.04545454545455,24,0,0.0,3,0
42386.0,1,0,43,65,4,16,0,4,11,1,3,0,3,8,0,0,0,0,0,0,0,29,532,1,1,100,14.285714285714286,7,0,0.0,4,1
30390.0,0,0,5,10,12,12,25,1,20,1,2,0,3,6,0,0,0,0,0,0,0,28,300,0,0,80,13.333333333333334,6,0,0.0,2,1
30983.0,0,0,50,51,4,50,12,1,49,1,4,0,3,8,0,0,0,0,0,0,1,52,597,0,0,167,20.875,8,0,0.0,3,0
66033.0,0,1,76,293,35,179,46,59,65,2,8,3,7,7,0,0,0,0,0,0,0,58,525,1,1,677,35.63157894736842,20,0,0.0,3,0
37284.0,1,1,46,11,1,2,2,1,6,1,0,0,3,6,0,0,0,0,0,0,0,40,457,2,1,23,5.75,4,0,0.0,2,1
57530.0,0,1,68,50,1,27,6,7,1,1,1,1,4,1,0,0,0,0,0,0,0,64,260,1,1,92,13.142857142857142,7,0,0.0,4,0
76800.0,0,0,33,173,26,255,35,71,81,1,4,4,7,1,0,0,0,0,0,0,0,50,113,0,0,641,40.0625,16,0,0.0,2,1
63943.0,0,1,50,423,184,368,13,97,21,1,6,4,6,5,0,0,0,0,0,0,0,59,665,1,1,1106,65.05882352941177,17,0,0.0,3,1
76081.0,0,0,85,292,30,415,63,33,200,1,4,5,4,2,0,0,0,1,0,0,0,53,37,0,0,1033,73.78571428571429,14,1,0.2,3,1
67445.0,0,1,63,757,80,217,29,80,11,5,9,6,12,6,0,0,0,0,0,0,0,41,686,1,1,1174,41.92857142857143,32,0,0.0,3,1
37054.0,1,1,89,12,1,6,0,1,5,2,1,0,3,7,0,0,0,0,0,0,0,48,287,2,1,25,5.0,6,0,0.0,4,1
47175.0,1,1,81,167,2,44,6,2,19,7,4,2,4,8,1,0,0,0,0,0,1,53,609,2,1,240,21.818181818181817,17,1,0.2,4,1
31859.0,1,0,77,3,1,3,8,0,5,1,1,0,2,7,0,0,0,0,0,0,0,39,380,1,1,20,5.0,4,0,0.0,3,0
27215.0,2,1,50,30,5,22,8,9,28,4,2,1,4,6,0,0,0,0,0,0,0,54,522,3,1,102,12.75,11,0,0.0,3,0
70179.0,0,1,10,532,88,168,69,44,133,3,7,3,13,5,0,0,0,0,0,0,0,39,343,1,1,1034,43.083333333333336,26,0,0.0,5,0
39922.0,1,0,30,29,12,59,19,1,36,2,3,0,4,8,0,0,0,0,0,0,0,32,500,1,1,156,19.5,9,0,0.0,3,1
49681.0,0,2,66,411,0,26,0,0,21,6,7,1,7,7,0,0,0,0,0,0,0,39,237,2,1,458,28.625,21,0,0.0,4,1
24645.0,1,0,16,5,3,4,4,1,0,1,1,0,2,8,0,0,0,0,0,0,0,27,605,1,1,17,4.25,4,0,0.0,3,1
79865.0,0,1,12,71,99,278,185,121,38,1,5,10,5,1,0,0,0,0,0,0,0,61,11,1,1,792,37.714285714285715,21,0,0.0,3,0
44322.0,1,0,30,46,0,40,3,0,3,2,3,0,3,8,0,0,0,0,0,0,0,30,13,1,1,92,13.142857142857142,8,0,0.0,3,1
47958.0,0,1,8,268,11,88,15,3,22,2,6,3,5,5,0,0,0,0,0,0,0,63,526,1,1,407,27.133333333333333,16,0,0.0,3,0
63972.0,0,1,93,928,63,254,0,12,12,4,5,4,10,4,0,1,0,0,0,0,0,51,574,1,1,1269,63.45,23,1,0.2,4,0
75315.0,0,1,14,459,15,171,142,23,31,2,5,4,12,2,0,0,0,0,0,0,0,61,75,1,1,841,38.22727272727273,23,0,0.0,3,1
55517.0,1,1,53,483,0,108,0,6,36,5,11,1,6,9,0,0,0,0,0,0,1,65,640,2,1,633,33.31578947368421,23,0,0.0,5,1
75283.0,1,2,26,733,9,180,12,19,66,11,6,3,5,4,0,0,0,0,0,0,0,58,459,3,1,1019,67.93333333333334,25,0,0.0,5,1
82800.0,0,0,23,1006,22,115,59,68,45,1,7,6,12,3,0,0,1,1,0,0,1,69,582,0,0,1315,50.57692307692308,26,2,0.4,5,0
38998.0,1,1,92,34,1,14,0,0,5,3,2,0,3,8,0,0,0,0,0,1,0,61,603,2,1,54,9.0,8,0,0.0,3,1
90638.0,0,0,29,1156,120,915,94,144,96,1,3,4,10,1,0,0,1,0,0,0,1,24,136,0,0,2525,140.27777777777777,18,1,0.2,4,0
27161.0,1,0,41,7,4,23,7,0,11,1,1,0,3,7,0,0,0,0,0,0,0,29,244,1,1,52,10.4,5,0,0.0,4,1
42014.0,1,0,56,244,15,108,4,15,50,6,7,1,6,8,0,0,0,0,0,0,1,38,681,1,1,436,29.066666666666666,20,0,0.0,3,1
38201.0,0,1,19,233,0,23,0,0,12,4,5,1,5,8,0,0,0,0,0,0,0,55,457,1,1,268,22.333333333333332,15,0,0.0,5,1
45203.0,2,0,4,35,3,67,10,8,24,1,3,1,3,6,0,0,0,0,0,0,1,33,98,2,1,147,18.375,8,0,0.0,3,1
81574.0,0,0,89,1252,0,465,46,35,0,1,4,5,8,1,0,1,1,0,0,0,0,68,62,0,0,1798,99.88888888888889,18,2,0.4,5,1
34935.0,0,0,71,34,4,66,3,10,20,1,2,1,4,7,0,0,0,0,0,0,0,23,373,0,0,137,17.125,8,0,0.0,3,1
60482.0,0,1,81,255,43,134,37,14,24,1,7,2,7,7,0,0,0,0,0,0,0,39,522,1,1,507,29.823529411764707,17,0,0.0,4,0
34633.0,2,1,31,8,1,5,0,0,1,1,1,0,2,6,0,0,0,0,0,0,0,59,157,3,1,15,3.75,4,0,0.0,3,1
78093.0,0,0,53,368,32,639,13,43,10,1,4,7,5,1,0,0,0,0,0,0,0,68,200,0,0,1105,65.0,17,0,0.0,4,1
82460.0,0,0,78,255,47,573,52,32,15,1,5,3,6,1,0,0,0,0,0,0,0,65,209,0,0,974,64.93333333333334,15,0,0.0,3,0
45903.0,0,1,80,33,8,10,2,10,3,2,2,1,3,4,0,0,0,0,0,0,0,49,67,1,1,66,9.428571428571429,8,0,0.0,4,1
81361.0,0,0,18,163,23,424,27,65,76,1,3,10,13,1,0,0,0,0,0,0,1,28,124,0,0,778,28.814814814814813,27,0,0.0,3,0
35860.0,1,1,37,15,0,8,4,2,20,2,1,1,2,5,1,0,0,0,0,0,1,42,41,2,1,49,9.8,6,1,0.2,5,0
40442.0,1,1,52,45,12,52,25,22,13,4,3,1,4,7,0,0,0,0,0,0,1,63,679,2,1,169,18.77777777777778,12,0,0.0,4,1
61482.0,0,0,39,48,58,68,16,66,43,1,3,2,6,2,0,0,0,0,0,0,0,50,2,0,0,299,24.916666666666668,12,0,0.0,3,1
34968.0,1,0,11,158,6,45,8,2,2,7,3,2,5,7,0,0,0,0,0,0,0,35,445,1,1,221,20.09090909090909,17,0,0.0,3,1
75794.0,0,0,33,754,160,625,63,32,48,1,7,5,12,3,0,0,0,1,0,0,0,28,187,0,0,1682,67.28,25,1,0.2,3,1
31497.0,0,1,22,108,1,28,13,1,4,2,3,1,4,8,0,0,0,0,0,0,0,53,570,1,1,155,17.22222222222222,10,0,0.0,5,1
74268.0,0,0,83,199,66,315,97,174,41,1,4,3,5,2,0,0,0,0,0,0,0,60,500,0,0,892,68.61538461538461,13,0,0.0,3,1
13724.0,1,0,43,2,7,5,2,15,27,1,2,0,2,9,1,0,0,0,0,0,0,27,667,1,1,58,11.6,5,1,0.2,1,1
45143.0,0,1,74,202,5,74,11,5,14,3,6,1,5,7,0,0,0,0,0,0,0,50,307,1,1,311,23.923076923076923,15,0,0.0,4,1
52569.0,0,1,54,85,0,3,0,0,7,1,2,0,4,3,0,0,0,0,0,0,0,48,85,1,1,95,13.571428571428571,7,0,0.0,5,0
48432.0,0,1,3,322,3,50,4,3,42,5,7,1,6,8,0,0,0,0,0,0,1,42,619,1,1,424,28.266666666666666,19,0,0.0,5,0
17144.0,1,1,96,18,2,19,0,2,6,5,3,0,4,7,0,0,0,0,0,0,0,55,134,2,1,47,5.875,12,0,0.0,4,1
36108.0,1,0,68,141,8,129,3,11,47,3,7,1,4,9,1,0,0,0,0,0,0,31,257,1,1,339,26.076923076923077,15,1,0.2,3,0
76445.0,1,0,2,739,107,309,140,80,35,1,2,5,13,6,0,0,0,0,0,0,0,44,639,1,1,1410,67.14285714285714,21,0,0.0,3,1
36663.0,1,0,40,18,0,6,3,3,5,1,1,1,3,2,0,0,0,0,0,0,0,40,65,1,1,35,5.833333333333333,6,0,0.0,5,1
53843.0,0,1,64,378,0,88,19,4,73,4,8,5,3,7,0,0,0,0,0,0,0,50,367,1,1,562,33.05882352941177,20,0,0.0,4,1
90226.0,0,0,26,1083,108,649,253,151,108,1,4,7,12,2,0,0,0,1,0,0,0,59,641,0,0,2352,98.0,24,1,0.2,4,1
70638.0,0,0,69,1016,12,215,16,12,63,1,4,5,10,3,0,1,0,0,0,0,0,60,393,0,0,1334,66.7,20,1,0.2,4,0
44512.0,1,1,57,23,1,6,0,0,2,2,1,0,3,4,0,0,0,0,0,0,0,55,303,2,1,32,6.4,6,0,0.0,3,1
27116.0,1,1,78,12,1,21,2,2,3,2,2,0,3,7,0,0,0,0,0,0,0,54,119,2,1,41,6.833333333333333,7,0,0.0,3,1
54072.0,1,1,71,35,0,4,0,0,0,1,2,0,2,8,0,0,0,0,0,0,0,52,337,2,1,39,7.8,5,0,0.0,5,1
71855.0,0,1,59,548,31,422,0,112,28,4,5,5,11,3,0,0,0,0,0,0,0,38,529,1,1,1141,51.86363636363637,25,0,0.0,3,1
51250.0,1,0,28,342,32,230,34,32,40,5,10,5,4,9,1,0,0,0,0,0,0,25,456,1,1,710,35.5,24,1,0.2,2,0
60432.0,0,1,61,365,3,15,4,3,11,5,7,2,5,6,0,0,0,0,0,0,0,42,112,1,1,401,26.733333333333334,19,0,0.0,4,1
65526.0,0,1,22,397,19,69,12,0,9,1,4,4,8,2,0,0,0,0,0,0,0,51,79,1,1,506,29.764705882352942,17,0,0.0,5,1
68655.0,0,0,95,456,19,832,75,118,38,1,4,5,11,3,0,0,0,0,0,0,0,27,688,0,0,1538,73.23809523809524,21,0,0.0,3,0
12393.0,0,0,38,5,6,15,11,7,13,1,2,0,3,9,0,0,0,0,0,0,0,37,572,0,0,57,9.5,6,0,0.0,2,1
64509.0,0,0,19,836,185,575,24,25,77,1,6,3,9,4,1,0,0,0,0,0,1,25,316,0,0,1722,90.63157894736842,19,1,0.2,3,0
33955.0,1,0,92,100,2,128,23,7,10,4,5,1,5,8,0,0,0,0,0,0,0,40,324,1,1,270,22.5,15,0,0.0,3,0
31353.0,1,1,24,10,0,10,3,1,7,2,1,1,2,8,0,0,0,0,0,0,1,38,182,2,1,31,6.2,6,0,0.0,3,1
55434.0,1,0,21,238,115,215,169,69,76,3,5,3,13,4,0,0,0,0,0,0,0,31,267,1,1,882,40.09090909090909,24,0,0.0,3,1
28359.0,1,0,35,6,0,5,2,1,2,1,1,0,2,7,0,0,0,0,0,0,0,32,245,1,1,16,4.0,4,0,0.0,3,1
57100.0,1,0,9,158,11,99,15,11,17,2,3,2,7,3,0,0,0,0,0,0,0,28,42,1,1,311,23.923076923076923,14,0,0.0,3,0
69139.0,0,1,23,86,12,75,33,15,6,1,4,1,5,4,0,0,0,0,0,0,0,50,153,1,1,227,20.636363636363637,11,0,0.0,3,1
52973.0,0,1,92,856,0,76,12,9,199,7,9,6,9,8,0,0,0,0,0,0,0,59,598,1,1,1152,46.08,31,0,0.0,4,1
51717.0,0,1,55,98,1,17,0,1,5,1,3,0,4,7,0,1,0,0,0,0,0,50,313,1,1,122,15.25,8,1,0.2,5,1
18793.0,1,0,14,4,16,20,0,17,20,3,2,0,4,8,0,0,0,0,0,0,0,44,533,1,1,77,11.0,9,0,0.0,3,1
66664.0,0,0,78,398,96,447,220,96,32,1,5,7,6,3,0,0,0,0,0,0,0,33,642,0,0,1289,67.84210526315789,19,0,0.0,2,1
50664.0,1,1,64,313,8,104,6,4,126,9,8,1,6,9,0,0,0,0,0,0,0,56,529,2,1,561,35.0625,24,0,0.0,3,0
54414.0,1,1,49,109,18,16,24,26,18,4,3,1,5,4,0,0,0,0,0,0,0,52,522,2,1,211,21.1,13,0,0.0,3,1
54549.0,0,1,8,216,2,6,0,0,9,2,5,1,4,7,0,0,0,0,0,0,0,63,118,1,1,233,21.181818181818183,12,0,0.0,5,1
47111.0,0,1,35,595,71,153,120,112,41,6,3,2,10,9,0,0,0,0,0,0,0,44,659,1,1,1092,68.25,21,0,0.0,5,0
41003.0,0,0,11,123,133,142,71,44,88,1,6,2,8,6,0,0,0,0,0,0,0,52,469,0,0,601,35.35294117647059,17,0,0.0,5,0
19444.0,1,0,8,16,0,23,3,2,10,3,4,1,2,7,0,0,0,0,0,0,1,33,127,1,1,54,6.75,10,0,0.0,3,1
36301.0,1,0,53,11,12,35,3,5,12,1,3,0,3,7,0,0,0,0,0,0,0,39,247,1,1,78,11.142857142857142,7,0,0.0,2,1
73059.0,0,1,36,410,112,420,0,82,71,1,9,3,13,4,0,0,0,0,0,0,0,68,302,1,1,1095,42.11538461538461,26,0,0.0,5,1
42731.0,1,0,64,159,2,51,6,2,24,3,4,1,5,5,0,0,0,0,0,0,0,46,251,1,1,244,22.181818181818183,13,0,0.0,5,1
52854.0,1,1,43,105,0,10,0,1,0,2,2,1,4,5,0,0,0,0,0,0,0,56,97,2,1,116,14.5,9,0,0.0,5,1
22775.0,1,0,40,5,1,8,0,0,1,1,1,0,2,8,0,0,0,0,0,0,0,37,375,1,1,15,3.75,4,0,0.0,3,1
46681.0,0,2,52,269,15,69,15,19,38,2,4,6,4,5,0,0,0,0,0,0,0,67,264,2,1,425,28.333333333333332,16,0,0.0,5,1
59821.0,0,1,11,629,0,70,0,0,35,6,11,2,7,8,0,0,0,0,0,0,0,60,443,1,1,734,34.95238095238095,26,0,0.0,5,1
50002.0,0,1,21,443,5,71,21,16,82,2,8,2,7,7,0,0,0,0,0,0,0,61,377,1,1,638,35.44444444444444,19,0,0.0,3,0
69755.0,0,0,23,217,77,373,111,23,93,1,3,6,12,1,0,0,0,0,0,0,0,70,270,0,0,894,40.63636363636363,22,0,0.0,3,1
44078.0,1,1,17,24,1,10,2,0,4,2,2,0,3,5,0,0,0,0,0,0,0,46,10,2,1,41,6.833333333333333,7,0,0.0,3,1
30560.0,1,0,6,9,1,5,4,5,7,1,1,0,3,7,0,0,0,0,0,0,0,39,367,1,1,31,6.2,5,0,0.0,4,1
35924.0,1,1,56,8,0,14,2,3,7,1,1,0,3,5,0,0,0,0,0,0,0,46,98,2,1,34,6.8,5,0,0.0,4,1
64140.0,0,2,71,1459,0,61,0,15,215,5,2,5,6,5,1,0,1,0,1,0,1,51,279,2,1,1750,125.0,18,3,0.6,5,0
56386.0,1,1,51,230,48,214,13,32,75,8,9,1,7,9,0,0,0,0,0,0,0,34,610,2,1,612,34.0,25,0,0.0,3,1
24594.0,1,0,94,1,3,6,10,0,9,1,1,0,3,5,0,0,0,0,0,0,0,36,201,1,1,29,5.8,5,0,0.0,1,1
75774.0,1,0,27,340,21,134,258,14,56,1,7,5,8,4,0,0,0,0,0,0,0,34,58,1,1,823,39.19047619047619,21,0,0.0,2,1
39228.0,0,0,1,7,1,6,0,3,3,1,0,0,3,4,0,0,0,0,0,0,0,55,415,0,0,20,5.0,4,0,0.0,4,0
58494.0,0,1,56,298,7,68,4,0,19,2,6,2,6,6,0,0,0,0,0,0,0,41,199,1,1,396,26.4,16,0,0.0,4,1
58684.0,0,0,71,479,35,179,28,7,85,1,5,3,12,2,0,1,0,0,0,0,0,34,13,0,0,813,38.714285714285715,21,1,0.2,3,0
57136.0,0,0,18,267,140,599,34,12,127,1,7,5,7,6,0,0,0,0,0,0,1,48,407,0,0,1179,58.95,20,0,0.0,3,0
56551.0,1,1,48,67,4,32,17,2,16,3,2,1,4,4,0,0,0,0,0,0,0,65,53,2,1,138,17.25,10,0,0.0,5,0
22448.0,1,0,86,3,1,8,23,2,18,3,2,1,3,3,0,0,0,0,0,0,0,33,123,1,1,55,7.857142857142857,9,0,0.0,3,1
82014.0,0,0,48,980,37,265,35,163,31,1,3,6,12,6,0,0,0,0,0,0,1,54,678,0,0,1511,68.68181818181819,22,0,0.0,3,0
34213.0,1,1,2,50,4,28,6,3,26,3,3,1,2,9,0,0,0,0,0,0,1,52,660,2,1,117,16.714285714285715,9,0,0.0,3,0
94437.68000000001,0,0,13,1,0,1725,2,1,1,0,0,28,0,1,0,0,0,0,0,0,0,38,426,0,0,1730,59.6551724137931,28,0,0.0,3,1
25358.0,0,1,57,19,0,5,0,0,8,2,1,0,3,6,0,0,0,0,0,0,0,68,342,1,1,32,6.4,6,0,0.0,5,0
35544.0,1,0,77,30,5,23,4,1,4,1,2,0,3,7,0,0,0,0,0,0,0,37,113,1,1,67,11.166666666666666,6,0,0.0,4,0
36634.0,0,1,0,213,9,76,4,3,30,3,5,2,5,7,0,0,0,0,0,0,0,61,397,1,1,335,25.76923076923077,15,0,0.0,4,1
62670.0,0,1,57,539,30,92,80,46,38,1,5,3,13,3,0,0,0,0,0,0,0,61,147,1,1,825,37.5,22,0,0.0,5,1
50334.0,0,1,24,284,16,160,84,16,134,6,7,4,6,6,0,0,0,0,0,0,0,43,340,1,1,694,38.55555555555556,23,0,0.0,2,1
72066.0,0,0,55,1003,34,536,134,51,34,1,4,6,6,2,0,0,1,1,0,0,1,34,6,0,0,1792,105.41176470588235,17,2,0.4,3,0
50729.0,1,1,62,239,13,143,45,4,52,9,6,2,7,6,0,0,0,0,0,0,0,57,423,2,1,496,31.0,24,0,0.0,5,0
34916.0,2,0,89,51,23,82,33,0,42,4,5,1,3,9,0,0,0,0,0,0,0,47,410,2,1,231,23.1,13,0,0.0,3,1
64892.0,0,1,77,527,24,230,32,24,65,2,6,4,12,4,0,0,0,0,0,0,0,39,31,1,1,902,39.21739130434783,24,0,0.0,3,0
43602.0,1,1,45,19,5,12,10,3,19,3,3,1,2,6,0,0,0,0,0,0,0,49,170,2,1,68,9.714285714285714,9,0,0.0,3,0
33996.0,0,0,46,40,2,15,8,0,6,1,1,1,3,4,0,0,0,0,0,0,0,26,291,0,0,71,11.833333333333334,6,0,0.0,5,0
41473.0,1,0,80,21,8,20,15,3,9,1,2,0,3,7,0,0,0,0,0,0,0,30,375,1,1,76,12.666666666666666,6,0,0.0,2,0
63246.0,0,2,60,593,30,91,29,22,7,1,6,3,12,4,0,0,0,0,0,0,0,48,313,2,1,772,35.09090909090909,22,0,0.0,5,1
36732.0,1,1,71,21,5,3,10,1,7,3,1,1,4,2,0,0,0,0,0,0,0,56,182,2,1,47,6.714285714285714,9,0,0.0,5,1
69084.0,1,0,43,1181,107,199,39,30,30,2,7,3,13,8,0,0,0,0,0,0,0,45,222,1,1,1586,66.08333333333333,25,0,0.0,5,1
77766.0,0,1,97,1004,59,265,115,59,27,2,11,10,11,6,1,0,0,0,0,0,1,48,492,1,1,1529,46.333333333333336,34,1,0.2,5,1
37929.0,0,0,49,202,2,46,3,2,10,2,4,2,5,7,0,1,0,1,0,0,1,30,334,0,0,265,22.083333333333332,13,2,0.4,5,0
86610.0,0,0,66,446,107,768,33,196,53,1,5,6,6,2,0,0,0,0,0,0,0,64,297,0,0,1603,89.05555555555556,18,0,0.0,3,1
80141.0,0,0,20,1184,102,673,52,40,40,1,7,4,10,6,0,0,1,0,0,0,1,29,534,0,0,2091,95.04545454545455,22,1,0.2,4,1
72635.0,0,0,54,390,22,323,104,35,107,1,6,8,6,3,0,0,0,1,0,0,0,60,391,0,0,981,46.714285714285715,21,1,0.2,2,1
69016.0,0,1,61,726,53,363,123,107,161,4,8,9,13,5,0,0,0,0,0,0,0,45,584,1,1,1533,49.45161290322581,34,0,0.0,3,1
20193.0,0,0,18,8,8,22,24,11,9,1,1,1,4,4,0,0,0,0,0,0,0,24,578,0,0,82,11.714285714285714,7,0,0.0,2,1
27573.0,1,0,45,50,15,110,39,15,15,4,5,1,4,8,0,0,0,0,0,0,0,40,461,1,1,244,22.181818181818183,14,0,0.0,3,1
15862.0,1,0,26,1,1,4,11,9,10,1,1,0,3,8,0,0,0,0,0,0,0,36,367,1,1,36,7.2,5,0,0.0,1,0
49544.0,1,0,0,308,0,73,0,0,23,2,5,1,8,7,0,0,0,0,0,0,0,39,502,1,1,404,26.933333333333334,16,0,0.0,5,1
33228.0,1,0,28,22,2,31,7,4,5,1,2,0,3,7,0,0,0,0,0,0,0,35,157,1,1,71,11.833333333333334,6,0,0.0,3,1
70440.0,0,0,49,690,117,499,76,102,88,1,5,10,7,3,0,0,0,1,0,0,0,37,264,0,0,1572,68.34782608695652,23,1,0.2,3,1
38232.0,1,1,84,43,5,28,7,6,33,4,3,1,3,5,0,0,0,0,0,0,0,44,163,2,1,122,15.25,11,0,0.0,3,1
22554.0,1,1,38,27,0,10,0,0,4,4,2,0,4,5,0,0,0,0,0,0,0,60,603,2,1,41,5.857142857142857,10,0,0.0,5,1
23536.0,1,0,53,6,0,3,0,0,1,1,0,0,3,3,0,0,0,0,0,0,0,32,25,1,1,10,2.5,4,0,0.0,5,1
49413.0,0,1,88,205,7,41,3,2,46,2,4,2,5,5,0,0,0,0,0,0,0,63,247,1,1,304,25.333333333333332,13,0,0.0,3,1
42231.0,1,1,99,24,0,8,0,1,4,1,1,0,3,5,0,0,0,0,0,0,0,46,96,2,1,37,7.4,5,0,0.0,3,1
78789.0,0,0,12,667,50,850,21,83,83,1,4,6,5,2,0,0,0,0,0,0,1,35,690,0,0,1754,109.625,16,0,0.0,4,0
56534.0,0,1,35,691,7,61,10,0,46,4,10,4,7,8,0,1,0,0,1,0,1,47,341,1,1,815,37.04545454545455,25,2,0.4,3,1
58350.0,0,1,5,493,26,206,116,80,80,4,8,3,12,6,0,0,0,0,0,0,0,44,541,1,1,1001,41.708333333333336,27,0,0.0,3,0
81217.0,0,0,77,493,70,324,146,40,84,1,3,7,11,1,0,0,0,0,0,0,0,26,345,0,0,1157,52.59090909090909,22,0,0.0,3,0
49090.0,0,1,45,494,5,82,7,0,100,3,7,2,9,7,0,0,0,0,0,0,0,64,345,1,1,688,36.21052631578947,21,0,0.0,3,0
61787.0,0,0,71,621,73,414,78,48,85,1,8,4,6,5,0,0,0,0,0,0,0,28,358,0,0,1319,69.42105263157895,19,0,0.0,4,0
18169.0,1,0,40,9,0,5,0,0,7,1,1,0,2,8,0,0,0,0,0,0,0,30,495,1,1,21,5.25,4,0,0.0,5,1
24336.0,1,0,82,1,6,2,8,2,12,1,1,0,2,7,0,0,0,0,0,0,0,34,671,1,1,31,7.75,4,0,0.0,2,0
18222.0,0,0,70,12,4,19,12,6,14,1,2,0,3,8,0,0,0,0,0,0,0,25,545,0,0,67,11.166666666666666,6,0,0.0,3,1
62335.0,0,1,87,243,131,217,85,6,26,2,3,3,13,2,0,0,0,0,0,0,0,63,402,1,1,708,35.4,21,0,0.0,3,0
42033.0,1,1,95,11,1,4,2,0,7,1,1,0,2,7,0,0,0,0,0,0,0,44,648,2,1,25,6.25,4,0,0.0,2,1
86580.0,0,0,72,532,21,127,26,20,20,0,4,2,5,1,0,0,1,0,0,0,0,32,487,0,0,746,62.166666666666664,11,1,0.2,5,1
41437.0,1,1,5,29,0,2,0,0,1,1,1,0,3,7,0,0,0,0,0,0,0,58,645,2,1,32,6.4,5,0,0.0,5,0
73705.0,0,2,86,612,91,520,258,107,107,2,9,6,8,5,0,0,0,0,0,0,0,64,116,2,1,1695,70.625,25,0,0.0,4,0
61064.0,0,1,80,387,126,342,0,45,180,5,8,4,11,6,0,0,0,0,0,0,0,39,667,1,1,1080,45.0,28,0,0.0,3,1
38452.0,1,1,62,56,0,14,0,0,2,3,3,0,3,7,0,0,0,0,0,0,0,60,91,2,1,72,10.285714285714286,9,0,0.0,4,1
18358.0,1,0,49,6,8,19,16,4,4,3,3,0,4,7,0,0,0,0,0,0,0,26,221,1,1,57,7.125,10,0,0.0,3,0
55012.0,0,1,85,582,0,65,0,0,13,6,8,2,9,5,0,0,0,0,0,0,0,42,100,1,1,660,33.0,25,0,0.0,5,1
9722.0,1,0,7,6,17,16,6,16,42,4,3,1,3,8,0,0,0,0,0,0,1,42,635,1,1,103,12.875,11,0,0.0,1,1
38175.0,1,0,6,70,6,69,2,3,3,3,3,1,4,7,0,0,0,0,0,0,0,31,279,1,1,153,17.0,11,0,0.0,5,1
58656.0,0,1,25,962,12,194,16,24,12,4,7,8,13,6,0,0,1,0,0,0,0,59,647,1,1,1220,42.06896551724138,32,1,0.2,4,1
52117.0,0,1,55,112,10,107,30,0,20,2,5,2,4,7,0,0,0,0,0,0,0,50,682,1,1,279,23.25,13,0,0.0,3,1
64813.0,1,0,81,293,0,124,179,97,52,1,7,2,10,5,0,0,0,0,0,0,0,37,178,1,1,745,37.25,20,0,0.0,3,1
54222.0,0,1,98,199,12,31,3,12,7,1,3,3,5,3,0,0,0,0,0,0,0,42,120,1,1,264,22.0,12,0,0.0,5,1
83512.0,0,0,31,1060,61,835,80,20,101,1,4,7,10,1,1,0,1,1,1,0,1,29,12,0,0,2157,98.04545454545455,22,4,0.8,3,1
77520.0,0,1,30,940,44,396,0,88,58,1,8,7,7,4,1,0,1,1,0,0,1,56,305,1,1,1526,66.34782608695652,23,3,0.6,4,1
41154.0,0,1,98,44,2,11,2,3,7,1,1,0,4,5,0,0,0,0,0,0,0,37,446,1,1,69,11.5,6,0,0.0,3,1
80398.0,0,0,92,342,51,936,207,35,26,1,5,8,12,3,0,0,1,0,0,0,0,49,596,0,0,1597,61.42307692307692,26,1,0.2,3,1
18746.0,1,0,41,2,10,11,12,9,20,2,3,0,3,6,0,0,0,0,0,0,0,23,31,1,1,64,9.142857142857142,8,0,0.0,1,0
35196.0,1,0,68,75,12,141,43,39,187,6,6,1,5,8,0,0,0,0,0,0,0,31,593,1,1,497,38.23076923076923,18,0,0.0,3,1
60230.0,0,1,78,520,20,367,39,81,40,2,6,3,6,5,0,0,0,0,0,0,0,59,405,1,1,1067,66.6875,17,0,0.0,3,0
22108.0,1,1,46,5,3,9,6,2,6,2,2,0,3,7,0,0,0,0,0,0,0,38,52,2,1,31,5.166666666666667,7,0,0.0,3,1
44392.0,1,1,71,87,5,71,7,12,29,5,4,1,4,7,0,0,0,0,0,0,0,41,297,2,1,211,21.1,14,0,0.0,3,1
55424.0,0,1,6,462,61,184,10,53,107,4,7,5,9,6,1,0,0,0,0,0,1,39,581,1,1,877,39.86363636363637,25,1,0.2,5,1
17688.0,1,0,82,2,2,1,3,1,2,1,1,0,2,8,0,0,0,0,0,1,0,36,532,1,1,11,2.75,4,0,0.0,3,1
92491.0,0,0,71,979,44,935,29,25,22,1,7,5,12,3,0,1,1,1,0,0,1,32,424,0,0,2034,81.36,25,3,0.6,5,1
90273.0,0,0,32,704,129,853,120,74,111,1,5,6,7,2,0,1,1,1,0,0,1,24,197,0,0,1991,104.78947368421052,19,3,0.6,3,0
82571.0,0,0,28,861,31,558,62,95,79,0,6,5,13,2,0,0,1,0,0,0,0,53,88,0,0,1686,67.44,24,1,0.2,5,0
38513.0,1,0,20,172,3,115,16,0,18,5,6,1,5,8,0,0,0,0,0,0,1,33,152,1,1,324,24.923076923076923,17,0,0.0,5,0
16653.0,1,0,10,5,7,31,15,4,7,3,2,1,3,6,0,0,0,0,0,0,1,36,72,1,1,69,9.857142857142858,9,0,0.0,4,0
42586.0,1,1,7,194,2,56,0,0,0,5,4,1,6,8,0,0,0,0,0,0,1,60,608,2,1,252,21.0,16,0,0.0,3,1
23529.0,0,1,67,9,7,13,3,2,20,1,1,1,2,6,0,0,0,0,0,0,0,50,538,1,1,54,10.8,5,0,0.0,1,0
74881.0,1,1,48,505,72,270,36,27,54,4,9,2,12,5,0,0,0,0,0,0,0,54,478,2,1,964,40.166666666666664,27,0,0.0,4,1
71107.0,0,1,61,533,10,217,198,174,195,2,7,6,13,4,0,0,0,0,0,0,0,64,497,1,1,1327,49.148148148148145,28,0,0.0,3,1
46910.0,1,1,36,48,0,14,0,0,6,2,2,0,3,6,0,0,0,0,0,0,0,51,98,2,1,68,11.333333333333334,7,0,0.0,5,1
18690.0,0,0,77,6,1,7,23,4,19,1,1,1,2,8,0,0,0,0,0,0,0,56,548,0,0,60,12.0,5,0,0.0,3,1
37244.0,1,1,90,18,2,10,0,0,25,1,1,1,2,7,1,0,0,0,0,0,0,60,428,2,1,55,11.0,5,1,0.2,3,0
82427.0,0,0,35,482,147,509,104,107,107,1,3,5,12,1,0,0,1,0,0,0,0,49,109,0,0,1456,69.33333333333333,21,1,0.2,3,1
75342.0,0,1,38,204,97,97,21,118,26,1,5,2,10,4,0,0,0,0,0,0,0,57,419,1,1,563,31.27777777777778,18,0,0.0,2,0
70044.0,0,1,46,1073,0,250,153,14,14,4,7,10,5,5,0,0,0,0,0,0,0,61,496,1,1,1504,65.3913043478261,26,0,0.0,3,0
79146.0,1,1,33,245,16,223,21,43,16,2,8,1,8,6,0,0,0,0,0,0,0,48,66,2,1,564,31.333333333333332,19,0,0.0,3,0
77437.0,0,0,70,560,21,442,29,44,29,1,4,5,13,1,0,0,1,0,0,0,0,52,215,0,0,1125,48.91304347826087,23,1,0.2,3,1
54984.0,0,1,51,173,13,131,32,3,6,4,6,1,6,7,0,0,0,1,0,0,0,56,36,1,1,358,25.571428571428573,17,1,0.2,3,1
42403.0,1,0,18,22,1,11,0,5,3,1,1,0,3,8,0,0,0,0,0,0,0,44,200,1,1,42,8.4,5,0,0.0,5,1
55761.0,0,1,97,136,1,12,0,3,32,2,4,1,3,6,0,1,0,0,0,0,0,51,66,1,1,184,20.444444444444443,10,1,0.2,3,1
37292.0,1,0,32,275,0,86,10,23,66,5,6,3,5,8,0,0,0,0,0,0,0,32,437,1,1,460,30.666666666666668,19,0,0.0,3,1
45576.0,0,0,9,56,19,29,2,14,25,1,3,1,3,8,0,0,0,0,0,0,1,70,32,0,0,145,18.125,8,0,0.0,5,0
70321.0,0,0,6,303,23,751,82,26,191,1,6,5,13,4,0,0,0,0,0,0,1,68,529,0,0,1376,55.04,25,0,0.0,3,1
58086.0,0,1,80,708,7,62,0,0,15,2,11,3,7,8,0,0,0,0,0,0,0,46,525,1,1,792,36.0,23,0,0.0,5,0
81795.0,0,0,74,324,132,693,27,118,88,1,4,11,7,2,0,0,0,0,0,0,0,63,611,0,0,1382,60.08695652173913,23,0,0.0,3,1
28389.0,0,0,49,1,5,3,7,4,8,1,1,0,2,7,0,0,0,0,0,0,0,68,586,0,0,28,7.0,4,0,0.0,1,1
66835.0,0,0,21,620,26,195,34,17,141,1,6,4,13,2,0,0,0,0,0,0,0,69,274,0,0,1033,43.041666666666664,24,0,0.0,4,1
69901.0,0,1,95,312,21,206,102,92,149,3,7,3,10,5,0,0,0,0,0,0,0,46,396,1,1,882,42.0,23,0,0.0,3,0
80360.0,0,0,56,1493,86,454,112,43,43,2,4,4,5,2,0,1,1,1,0,0,0,66,483,0,0,2231,159.35714285714286,15,3,0.6,5,1
63342.0,0,1,48,918,21,118,13,10,21,3,8,3,5,6,0,1,0,0,0,0,1,54,621,1,1,1101,64.76470588235294,19,1,0.2,5,1
44989.0,0,1,26,98,0,106,49,10,106,5,5,1,5,6,0,0,0,0,0,0,0,41,655,1,1,369,30.75,16,0,0.0,3,1
31859.0,1,0,3,3,4,7,15,8,11,1,1,0,3,7,0,0,0,0,0,0,0,35,122,1,1,48,9.6,5,0,0.0,2,0
51569.0,0,1,39,380,0,47,6,0,34,4,7,1,7,8,0,1,0,0,0,0,1,66,502,1,1,467,29.1875,19,1,0.2,5,0
30372.0,1,1,33,15,0,12,7,3,7,3,2,0,3,7,0,0,0,0,0,0,0,44,551,2,1,44,7.333333333333333,8,0,0.0,3,0
16014.0,1,1,42,3,9,4,7,8,7,4,1,1,4,3,0,0,0,0,0,0,0,36,469,2,1,38,5.428571428571429,10,0,0.0,1,0
41120.0,1,1,80,24,2,23,0,8,24,3,2,1,3,6,0,0,0,0,0,0,0,47,235,2,1,81,11.571428571428571,9,0,0.0,3,1
39763.0,1,0,9,80,1,60,4,6,16,2,5,1,2,9,0,0,0,0,0,0,1,44,329,1,1,167,18.555555555555557,10,0,0.0,4,0
38725.0,1,1,52,31,0,6,2,1,5,2,1,0,4,4,0,0,0,0,0,0,0,60,50,2,1,45,7.5,7,0,0.0,5,1
77981.0,1,0,78,138,120,204,16,126,60,3,7,4,7,5,0,0,0,0,0,0,0,43,399,1,1,664,34.94736842105263,21,0,0.0,3,1
62905.0,0,1,68,166,75,96,119,107,59,3,7,2,8,4,0,0,0,0,0,0,0,51,292,1,1,622,34.55555555555556,20,0,0.0,2,1
13533.0,1,0,45,12,3,8,8,0,17,2,2,0,3,7,0,0,0,0,0,0,0,36,476,1,1,48,8.0,7,0,0.0,2,0
59481.0,0,1,47,178,3,85,71,66,58,2,3,3,8,2,0,0,0,0,0,0,0,40,249,1,1,461,30.733333333333334,16,0,0.0,3,1
72117.0,0,1,34,707,20,171,65,60,50,1,9,7,9,5,0,0,0,0,0,0,0,38,313,1,1,1073,41.26923076923077,26,0,0.0,3,1
21955.0,1,0,81,5,1,7,17,14,11,2,2,1,3,6,0,0,0,0,0,0,0,29,295,1,1,55,7.857142857142857,8,0,0.0,2,1
67131.0,0,1,72,465,71,250,93,35,62,3,9,2,12,6,0,0,0,0,0,0,0,59,460,1,1,976,40.666666666666664,26,0,0.0,3,1
36802.0,1,0,23,16,1,2,0,0,1,1,1,0,3,5,0,0,0,0,0,0,0,35,13,1,1,20,4.0,5,0,0.0,5,0
71853.0,0,0,29,358,108,413,141,97,32,1,2,8,6,1,0,0,0,0,0,0,0,33,417,0,0,1149,67.58823529411765,17,0,0.0,3,1
28249.0,0,0,80,1,9,7,2,14,10,1,2,0,3,6,0,0,0,0,0,0,0,54,14,0,0,43,7.166666666666667,6,0,0.0,1,1
47808.0,0,1,30,123,1,26,2,0,72,2,3,2,3,7,1,0,0,0,0,0,0,40,252,1,1,224,24.88888888888889,10,1,0.2,4,1
25509.0,1,0,15,40,3,30,10,7,11,3,3,0,3,9,0,0,0,0,0,0,1,41,649,1,1,101,14.428571428571429,9,0,0.0,5,0
51012.0,0,0,86,102,9,63,2,9,24,1,4,1,4,6,0,0,0,0,0,0,0,69,437,0,0,209,20.9,10,0,0.0,5,1
70596.0,0,0,68,347,44,534,17,0,26,1,3,5,12,2,0,0,0,0,0,0,0,30,632,0,0,968,46.095238095238095,21,0,0.0,3,0
85431.0,0,0,54,376,53,462,168,53,53,1,2,7,7,0,0,0,0,0,0,0,0,63,386,0,0,1165,68.52941176470588,17,0,0.0,5,1
42664.0,0,1,44,21,0,3,0,0,0,1,1,0,3,6,0,0,0,0,0,0,0,48,103,1,1,24,4.8,5,0,0.0,3,1
42586.0,1,1,7,194,2,56,0,0,0,5,4,1,6,8,0,0,0,0,0,0,1,60,608,2,1,252,21.0,16,0,0.0,3,1
29760.0,1,0,87,64,4,68,7,5,17,4,3,1,4,8,0,0,0,0,0,0,0,30,669,1,1,165,18.333333333333332,12,0,0.0,3,0
28973.0,0,0,59,206,0,46,3,2,12,2,5,1,5,8,0,0,0,0,0,0,0,38,624,0,0,269,22.416666666666668,13,0,0.0,5,1
39435.0,1,0,16,71,0,18,0,0,13,1,3,1,2,7,0,0,0,0,0,0,0,42,327,1,1,102,14.571428571428571,7,0,0.0,5,1
65370.0,0,0,1,71,22,112,138,89,29,1,2,3,13,1,0,0,0,0,0,0,0,31,332,0,0,461,24.263157894736842,19,0,0.0,2,1
20194.0,1,0,64,0,4,7,11,10,15,2,2,0,3,6,0,0,0,0,0,0,0,36,559,1,1,47,7.833333333333333,7,0,0.0,1,0
42473.0,1,1,72,93,1,21,0,4,25,3,2,1,4,5,0,0,0,0,0,0,0,39,132,2,1,144,18.0,10,0,0.0,5,0
64590.0,0,0,98,920,138,168,36,46,30,1,9,4,10,6,0,0,0,0,0,0,0,47,623,0,0,1338,55.75,24,0,0.0,3,1
71232.0,0,1,91,653,17,170,34,26,17,2,11,2,10,7,0,0,0,0,0,0,0,56,213,1,1,917,38.208333333333336,25,0,0.0,3,1
34600.0,1,1,8,199,33,60,8,3,15,5,5,2,5,8,0,0,0,0,0,0,1,44,544,2,1,318,24.46153846153846,17,0,0.0,3,1
46904.0,1,1,20,153,4,56,0,9,31,4,5,1,4,8,0,0,0,0,0,0,0,48,603,2,1,253,23.0,14,0,0.0,3,0
49094.0,0,1,6,376,0,38,11,8,69,5,6,3,6,6,0,0,0,0,0,0,0,42,646,1,1,502,31.375,20,0,0.0,3,1
36075.0,1,0,54,46,0,30,12,1,30,1,2,0,4,6,0,0,0,0,0,0,0,32,202,1,1,119,17.0,7,0,0.0,3,1
60839.0,1,1,72,600,21,128,223,150,128,13,2,2,12,8,0,0,0,0,0,0,0,36,670,2,1,1250,73.52941176470588,29,0,0.0,2,1
77298.0,0,1,46,425,115,292,23,35,79,1,6,6,11,3,0,0,0,0,0,0,0,36,239,1,1,969,40.375,24,0,0.0,3,1
34026.0,1,1,11,18,6,15,12,8,17,3,2,1,3,5,0,0,0,0,0,0,0,65,328,2,1,76,10.857142857142858,9,0,0.0,3,1
48918.0,1,1,21,52,0,9,0,0,1,2,1,0,4,4,0,0,0,0,0,0,0,52,78,2,1,62,10.333333333333334,7,0,0.0,5,0
82122.0,0,0,89,734,22,350,151,25,100,1,3,9,13,1,0,0,1,0,0,0,0,53,318,0,0,1382,53.15384615384615,26,1,0.2,2,1
37697.0,1,0,82,34,6,21,11,4,8,1,2,1,3,6,0,0,0,0,0,0,0,39,142,1,1,84,12.0,7,0,0.0,3,0
34074.0,1,1,69,135,1,41,10,1,67,5,3,3,3,6,1,0,0,0,0,0,0,63,351,2,1,255,25.5,14,1,0.2,3,1
28520.0,1,1,55,11,0,10,0,2,20,1,1,1,2,6,0,0,0,0,0,0,0,55,380,2,1,43,8.6,5,0,0.0,4,1
62535.0,0,1,13,163,48,90,0,45,52,1,3,2,8,3,0,0,0,0,0,0,0,60,269,1,1,398,28.428571428571427,14,0,0.0,3,0
36273.0,1,0,80,29,3,30,3,2,9,2,3,0,3,6,0,0,0,0,0,0,0,38,74,1,1,76,10.857142857142858,8,0,0.0,4,0
63404.0,0,2,97,734,26,70,11,44,17,2,6,3,4,4,0,0,0,1,0,0,0,51,23,2,1,902,64.42857142857143,15,1,0.2,3,1
75774.0,1,0,27,340,21,134,258,14,56,1,7,5,8,4,0,0,0,0,0,0,0,34,58,1,1,823,39.19047619047619,21,0,0.0,2,1
78416.0,0,1,99,453,38,279,188,38,183,2,7,7,10,3,0,0,0,0,0,0,0,39,2,1,1,1179,47.16,26,0,0.0,3,1
75702.0,0,1,87,1073,0,629,145,37,37,1,10,5,13,6,0,0,1,0,0,0,0,41,623,1,1,1921,66.24137931034483,29,1,0.2,3,1
59385.0,1,1,85,135,0,10,0,4,36,2,3,1,4,5,0,0,0,0,0,0,0,64,427,2,1,185,20.555555555555557,10,0,0.0,4,1
37070.0,1,1,30,231,7,137,4,15,39,9,5,1,8,7,0,0,0,0,0,0,1,49,466,2,1,433,28.866666666666667,23,0,0.0,3,0
44689.0,1,1,82,18,0,5,0,0,11,2,1,1,2,7,1,0,0,0,0,0,0,64,170,2,1,34,6.8,6,1,0.2,3,1
53977.0,0,1,21,620,16,165,0,24,82,5,5,5,12,5,0,0,0,0,0,0,0,57,386,1,1,907,39.43478260869565,27,0,0.0,3,1
7144.0,0,2,92,81,4,33,5,2,291,0,23,1,1,0,0,0,0,0,0,0,0,49,204,2,1,416,16.0,25,0,0.0,5,0
18701.0,1,1,95,12,4,2,10,6,10,4,2,0,4,5,0,0,0,0,0,0,0,51,390,2,1,44,6.285714285714286,10,0,0.0,3,0
90369.0,0,0,2,292,51,981,224,23,17,1,4,6,6,1,0,0,0,0,0,0,1,59,62,0,0,1588,93.41176470588235,17,0,0.0,3,1
63159.0,0,0,74,965,34,586,89,86,37,1,3,5,8,3,1,0,0,0,0,0,0,41,601,0,0,1797,105.70588235294117,17,1,0.2,5,0
37758.0,1,1,49,27,2,10,0,0,1,2,1,0,3,8,0,0,0,0,0,0,0,49,633,2,1,40,8.0,6,0,0.0,3,1
46757.0,0,1,71,777,30,163,0,51,122,6,4,4,7,9,0,0,0,0,0,0,0,52,590,1,1,1143,71.4375,21,0,0.0,5,0
79734.0,0,0,72,572,8,232,23,62,17,1,4,3,6,1,0,0,0,1,0,0,0,46,1,0,0,914,65.28571428571429,14,1,0.2,4,1
63207.0,0,0,68,438,169,565,91,169,70,1,2,3,6,7,0,0,0,1,0,0,0,23,525,0,0,1502,125.16666666666667,12,1,0.2,3,1
72071.0,0,1,4,531,69,300,150,138,150,3,5,4,8,2,0,0,0,0,0,0,0,61,500,1,1,1338,74.33333333333333,20,0,0.0,3,0
21840.0,1,0,80,17,0,9,0,0,1,1,1,0,3,9,0,0,0,0,0,0,0,32,343,1,1,27,5.4,5,0,0.0,5,1
58582.0,0,1,15,402,35,106,101,77,42,2,9,2,9,5,0,1,0,0,0,0,0,33,274,1,1,763,36.333333333333336,22,1,0.2,2,1
72282.0,0,0,70,503,27,419,90,139,153,1,5,7,9,7,0,0,0,0,0,0,1,64,345,0,0,1331,60.5,22,0,0.0,3,0
50387.0,0,2,91,369,9,87,12,14,34,3,6,2,8,5,0,0,0,0,0,0,0,59,302,2,1,525,30.88235294117647,19,0,0.0,3,1
32583.0,1,1,10,5,0,3,0,0,1,1,1,0,2,7,0,0,0,0,0,0,0,54,14,2,1,9,2.25,4,0,0.0,5,1
62568.0,0,1,99,362,17,398,80,35,61,3,5,3,5,4,0,0,0,1,0,0,0,53,83,1,1,953,68.07142857142857,16,1,0.2,3,1
44635.0,1,1,25,56,0,9,0,0,3,2,2,0,3,7,0,0,0,0,0,0,0,44,261,2,1,68,11.333333333333334,7,0,0.0,4,0
33316.0,1,1,34,79,1,31,4,4,12,3,2,1,4,6,0,0,0,0,0,0,0,44,268,2,1,131,16.375,10,0,0.0,4,0
63967.0,0,1,57,387,84,141,73,35,162,3,4,4,12,2,0,0,0,0,0,0,0,47,324,1,1,882,42.0,23,0,0.0,3,1
52513.0,0,0,84,367,17,241,104,188,232,2,9,5,9,7,0,0,0,0,0,0,0,37,663,0,0,1149,47.875,25,0,0.0,2,1
25293.0,1,0,51,15,0,11,0,2,9,1,1,1,2,8,0,0,0,0,0,0,0,46,287,1,1,37,7.4,5,0,0.0,3,1
54111.0,0,1,97,267,6,54,8,3,50,2,5,2,6,5,0,0,0,0,0,0,0,50,308,1,1,388,27.714285714285715,15,0,0.0,5,0
78394.0,0,0,13,298,27,697,216,24,166,1,4,6,5,2,0,0,0,0,0,0,1,29,499,0,0,1428,89.25,16,0,0.0,3,1
80739.0,0,0,92,674,92,736,39,0,92,1,3,11,9,1,0,0,0,0,0,0,0,57,402,0,0,1633,68.04166666666667,24,0,0.0,4,1
22669.0,1,0,30,16,14,36,37,22,48,3,4,1,2,9,0,0,0,0,0,0,1,40,403,1,1,173,21.625,10,0,0.0,4,1
29236.0,1,0,30,37,4,24,16,9,9,2,4,0,3,9,0,0,0,0,0,0,0,28,264,1,1,99,12.375,9,0,0.0,3,0
44911.0,0,1,11,159,0,22,2,1,31,3,4,1,4,7,0,0,0,0,0,0,0,56,471,1,1,215,21.5,12,0,0.0,3,1
54693.0,0,1,72,686,17,142,23,26,35,8,6,4,13,6,0,0,0,0,0,0,0,53,497,1,1,929,38.708333333333336,31,0,0.0,5,1
48186.0,1,0,39,97,3,66,12,7,34,3,4,1,4,7,0,0,0,0,0,0,0,41,101,1,1,219,21.9,12,0,0.0,3,1
54809.0,1,1,0,63,6,57,13,13,22,4,2,1,5,4,0,0,0,0,0,0,1,38,291,2,1,174,19.333333333333332,12,0,0.0,3,1
41580.0,1,1,15,56,5,24,4,0,3,3,2,1,3,5,0,0,0,0,0,0,0,37,566,2,1,92,13.142857142857142,9,0,0.0,3,1
80336.0,0,0,12,209,19,456,160,142,66,1,2,9,13,1,0,0,0,0,0,0,0,45,293,0,0,1052,42.08,25,0,0.0,5,1
47743.0,0,1,56,198,2,43,0,12,20,3,4,1,6,6,0,1,0,0,0,0,0,58,464,1,1,275,22.916666666666668,14,1,0.2,3,1
62972.0,0,1,39,313,15,47,20,0,192,2,7,4,3,6,0,0,0,0,0,0,0,60,695,1,1,587,39.13333333333333,16,0,0.0,2,1
57333.0,0,1,55,941,14,397,76,58,176,11,8,5,9,6,0,0,0,0,0,0,1,61,645,1,1,1662,72.26086956521739,33,0,0.0,5,0
32313.0,1,0,60,86,4,56,2,4,7,3,4,0,4,9,0,0,0,0,0,0,0,33,503,1,1,159,17.666666666666668,11,0,0.0,5,1
84953.0,0,0,73,167,48,602,63,72,72,1,3,10,4,2,0,1,1,1,0,0,1,62,391,0,0,1024,56.888888888888886,18,3,0.6,4,0
27071.0,1,0,90,8,3,19,0,2,3,2,2,0,3,6,0,0,0,0,0,0,0,47,67,1,1,35,5.833333333333333,7,0,0.0,4,0
68148.0,0,0,86,389,66,408,37,57,85,1,4,4,6,2,0,0,0,0,0,0,0,58,302,0,0,1042,69.46666666666667,15,0,0.0,4,1
65735.0,1,1,37,239,7,119,4,15,11,5,6,2,6,7,0,0,0,0,0,0,0,50,204,2,1,395,26.333333333333332,19,0,0.0,4,1
86836.0,0,0,7,179,21,273,0,21,63,1,6,10,6,5,1,0,1,1,0,0,1,40,655,0,0,557,24.217391304347824,23,3,0.6,5,1
4023.0,1,1,29,5,0,1,1,1,1,15,0,0,0,19,0,0,0,0,0,0,0,52,6,2,1,9,9.0,15,0,0.0,5,1
30093.0,0,0,19,2,6,28,13,4,16,1,2,0,3,7,0,0,0,0,0,0,0,25,356,0,0,69,11.5,6,0,0.0,3,1
57705.0,0,1,14,383,0,53,6,4,40,3,8,1,6,6,0,0,0,0,0,0,0,49,169,1,1,486,30.375,18,0,0.0,5,1
25008.0,1,0,72,2,8,8,6,1,9,2,1,0,3,8,0,0,0,0,0,0,0,27,147,1,1,34,6.8,6,0,0.0,3,0
83257.0,0,0,56,536,27,590,38,107,67,1,5,10,12,6,1,0,1,0,0,1,1,20,649,0,0,1365,48.75,28,2,0.4,2,0
22280.0,1,0,85,2,1,4,3,1,2,1,1,0,2,8,0,0,0,0,0,0,0,40,406,1,1,13,3.25,4,0,0.0,3,1
72159.0,0,0,62,322,53,899,34,40,53,1,4,6,10,2,0,0,0,0,0,0,0,37,608,0,0,1401,66.71428571428571,21,0,0.0,5,1
64260.0,0,0,1,539,169,816,20,0,30,1,4,5,4,3,0,0,0,0,0,0,1,54,534,0,0,1574,112.42857142857143,14,0,0.0,3,1
82733.0,0,0,28,712,50,420,65,38,38,1,8,4,7,4,0,0,0,0,0,0,1,31,292,0,0,1323,66.15,20,0,0.0,5,0
74290.0,0,1,70,1121,0,72,0,12,12,4,10,8,10,6,0,1,0,1,0,0,0,44,321,1,1,1217,41.96551724137931,32,2,0.4,4,0
58217.0,2,1,84,68,1,13,3,5,13,1,2,0,4,6,0,0,0,0,0,0,0,64,589,3,1,103,14.714285714285714,7,0,0.0,4,0
21024.0,0,0,89,36,4,18,6,2,18,1,2,0,4,7,0,0,0,0,0,0,0,39,360,0,0,84,12.0,7,0,0.0,4,1
70116.0,0,0,73,707,44,603,95,58,29,1,2,8,12,1,0,0,0,0,0,0,0,43,519,0,0,1536,66.78260869565217,23,0,0.0,5,1
54006.0,1,0,42,174,77,203,6,24,97,2,8,1,7,7,0,0,0,0,0,0,0,30,649,1,1,581,34.1764705882353,18,0,0.0,3,1
69063.0,0,1,16,666,35,124,69,8,26,1,5,3,5,3,0,0,0,0,0,0,0,49,599,1,1,928,66.28571428571429,14,0,0.0,5,1
11448.0,0,0,16,0,0,0,6,2,6,1,1,0,2,6,0,0,0,0,0,0,0,40,196,0,0,14,3.5,4,0,0.0,2,0
61825.0,0,1,56,162,50,100,55,30,27,1,4,2,8,4,0,0,0,0,0,0,0,36,326,1,1,424,28.266666666666666,15,0,0.0,3,0
70886.0,1,0,65,407,70,239,103,88,53,1,5,4,4,2,0,0,0,0,0,0,0,44,258,1,1,960,68.57142857142857,14,0,0.0,3,1
69109.0,0,0,10,823,25,459,124,29,95,1,6,6,7,4,0,0,1,0,0,0,1,33,597,0,0,1555,77.75,20,1,0.2,3,1
60208.0,1,1,13,488,23,71,15,0,59,11,8,3,7,7,0,1,0,0,0,0,1,42,630,2,1,656,34.526315789473685,29,1,0.2,3,0
32889.0,1,1,78,28,0,13,4,2,8,3,2,1,3,5,0,0,0,0,0,0,0,47,296,2,1,55,7.857142857142857,9,0,0.0,4,1
34738.0,1,0,51,3,2,10,3,0,2,1,1,0,3,6,0,0,0,0,0,0,0,31,49,1,1,20,4.0,5,0,0.0,3,0
30538.0,1,0,27,284,0,52,8,3,20,4,9,0,4,10,0,0,0,0,0,0,0,44,636,1,1,367,26.214285714285715,17,0,0.0,4,1
82326.0,0,0,30,938,142,754,159,81,183,1,5,10,6,2,0,1,1,1,0,0,1,38,111,0,0,2257,102.5909090909091,22,3,0.6,2,1
26642.0,1,0,71,13,2,15,2,2,8,2,2,0,3,6,0,0,0,0,0,0,0,48,120,1,1,42,7.0,7,0,0.0,5,0
69932.0,0,1,97,412,172,153,150,105,57,2,7,6,11,4,0,0,0,0,0,0,0,51,382,1,1,1049,41.96,26,0,0.0,3,0
44503.0,1,1,83,31,1,8,0,0,8,2,2,0,3,6,0,0,0,0,0,0,0,43,74,2,1,48,8.0,7,0,0.0,3,0
60200.0,0,1,3,502,19,132,0,6,26,6,6,2,11,6,0,0,0,0,0,0,0,67,543,1,1,685,34.25,25,0,0.0,5,0
49638.0,0,1,71,18,10,3,3,5,0,1,1,0,3,2,0,0,0,0,0,0,0,63,71,1,1,39,7.8,5,0,0.0,3,0
23830.0,0,0,3,1,8,6,4,8,16,1,1,0,3,7,0,0,0,0,0,0,0,28,142,0,0,43,8.6,5,0,0.0,2,0
33051.0,0,0,15,100,71,243,108,94,219,3,9,1,8,9,0,0,0,0,0,0,1,56,682,0,0,835,43.94736842105263,21,0,0.0,4,0
72905.0,0,0,52,407,114,445,181,165,203,1,3,7,9,1,0,0,0,1,0,0,0,57,159,0,0,1515,75.75,20,1,0.2,3,1
69702.0,0,1,8,664,9,240,50,19,57,2,7,7,10,4,0,0,0,0,0,0,0,64,495,1,1,1039,41.56,26,0,0.0,5,1
70300.0,1,0,89,1045,61,338,60,46,46,3,5,5,13,8,0,0,0,0,0,0,0,40,349,1,1,1596,66.5,26,0,0.0,3,0
70643.0,0,0,66,1218,107,304,23,143,33,1,5,8,4,6,0,0,0,0,0,0,1,31,622,0,0,1828,101.55555555555556,18,0,0.0,5,1
30396.0,1,0,22,15,0,6,0,1,12,2,1,1,2,7,1,0,0,0,0,0,1,46,60,1,1,34,6.8,6,1,0.2,5,1
50616.0,0,1,56,128,0,16,0,1,4,2,4,0,4,7,0,0,0,0,0,0,0,47,72,1,1,149,16.555555555555557,10,0,0.0,5,0
62772.0,0,1,74,581,49,157,43,8,108,1,5,6,11,2,0,1,0,0,0,0,0,46,406,1,1,946,41.130434782608695,23,1,0.2,4,0
30298.0,0,0,48,6,3,12,6,1,0,1,1,1,3,3,0,0,0,0,0,0,0,30,41,0,0,28,4.666666666666667,6,0,0.0,5,0
52413.0,1,0,67,185,8,133,56,56,12,2,7,1,7,7,0,0,0,0,0,0,0,31,603,1,1,450,28.125,17,0,0.0,3,0
44155.0,1,1,24,22,1,9,0,0,14,1,1,1,2,4,0,0,0,0,0,0,0,58,161,2,1,46,9.2,5,0,0.0,5,1
86979.0,0,0,67,584,100,835,65,83,35,1,5,5,5,2,1,0,0,0,0,0,1,44,234,0,0,1702,106.375,16,1,0.2,5,0
76532.0,1,1,38,355,30,177,90,138,30,4,9,5,7,5,0,0,0,0,0,0,0,40,293,2,1,820,37.27272727272727,25,0,0.0,3,1
42081.0,1,0,86,175,10,110,54,6,27,2,6,3,4,6,1,0,0,0,0,0,0,33,488,1,1,382,27.285714285714285,15,1,0.2,3,1
67546.0,0,0,90,864,134,768,150,38,172,1,4,10,5,3,0,0,0,0,0,0,0,27,667,0,0,2126,106.3,20,0,0.0,5,1
88420.0,0,0,87,957,153,612,99,95,153,1,4,7,8,1,1,0,1,1,0,0,0,26,58,0,0,2069,103.45,20,3,0.6,4,1
31158.0,1,0,62,25,6,16,20,0,5,2,2,0,3,8,0,0,0,0,0,0,0,30,518,1,1,72,12.0,7,0,0.0,3,1
61671.0,0,1,23,641,7,56,0,0,28,8,10,4,6,8,0,1,0,1,0,0,0,47,26,1,1,732,34.857142857142854,28,2,0.4,3,0
69719.0,0,0,99,273,86,208,177,14,43,1,2,3,5,1,0,0,0,0,0,0,0,41,34,0,0,801,72.81818181818181,11,0,0.0,3,0
49160.0,0,1,29,122,21,43,25,10,15,2,3,1,6,6,0,0,0,0,0,0,0,66,252,1,1,236,21.454545454545453,12,0,0.0,3,0
24882.0,1,0,52,1,4,10,29,0,36,1,1,1,2,6,1,0,0,0,0,0,0,37,658,1,1,80,16.0,5,1,0.2,1,1
90933.0,0,0,90,1020,31,430,62,63,79,1,4,6,4,1,0,0,1,0,0,0,0,61,90,0,0,1685,112.33333333333333,15,1,0.2,5,0
94437.68000000001,0,0,9,6,2,3,1,262,3,0,27,0,0,1,0,0,0,0,0,0,0,70,32,0,0,277,9.892857142857142,27,0,0.0,5,0
59292.0,0,1,71,378,14,68,19,14,14,2,3,5,8,3,0,0,0,0,0,0,0,65,381,1,1,507,29.823529411764707,18,0,0.0,5,1
45759.0,1,1,13,42,1,18,3,0,4,2,2,0,3,7,0,0,0,0,0,0,0,51,491,2,1,68,11.333333333333334,7,0,0.0,5,1
22148.0,0,0,16,15,5,14,0,4,11,1,1,0,3,7,0,0,0,0,0,0,0,32,77,0,0,49,9.8,5,0,0.0,3,0
73395.0,0,0,94,272,7,80,20,7,11,1,4,4,6,2,0,0,0,0,0,0,0,28,103,0,0,397,26.466666666666665,15,0,0.0,4,1
29819.0,1,0,77,9,1,24,2,1,2,3,3,0,3,6,0,0,0,0,0,0,0,44,248,1,1,39,5.571428571428571,9,0,0.0,3,0
45688.0,0,1,20,279,0,18,0,0,9,2,3,1,8,4,0,1,0,0,0,0,0,47,155,1,1,306,23.53846153846154,14,1,0.2,3,1
62820.0,0,0,51,398,61,265,138,61,53,1,3,4,6,1,0,0,0,0,0,0,0,61,414,0,0,976,69.71428571428571,14,0,0.0,3,1
60491.0,0,1,81,637,47,237,12,19,76,4,6,11,7,5,0,0,0,0,0,0,0,44,296,1,1,1028,41.12,28,0,0.0,5,1
33235.0,1,0,71,45,0,16,2,1,6,1,3,0,3,7,0,0,0,0,0,0,0,29,144,1,1,70,10.0,7,0,0.0,3,1
35701.0,0,0,36,21,1,9,7,3,5,1,1,0,3,6,0,0,0,0,0,0,0,56,467,0,0,46,9.2,5,0,0.0,3,1
31535.0,1,0,95,15,4,13,0,0,19,1,1,1,2,7,1,0,0,0,0,0,0,35,276,1,1,51,10.2,5,1,0.2,4,1
92556.0,0,0,32,493,183,352,184,23,28,0,3,5,13,0,0,0,0,0,0,0,0,55,70,0,0,1263,57.40909090909091,21,0,0.0,2,1
67384.0,0,1,32,957,40,175,158,53,107,2,7,8,5,5,0,1,0,0,0,0,0,45,596,1,1,1490,70.95238095238095,22,1,0.2,3,0
80573.0,0,0,85,829,138,430,60,92,15,1,4,6,13,2,0,0,0,0,0,0,0,44,623,0,0,1564,65.16666666666667,24,0,0.0,4,1
77870.0,0,1,93,1017,50,500,65,50,133,3,5,5,5,8,0,1,0,1,0,0,1,48,676,1,1,1815,113.4375,18,2,0.4,3,1
52278.0,0,1,24,953,0,71,0,0,174,6,10,5,10,8,0,0,0,0,0,0,0,52,520,1,1,1198,46.07692307692308,31,0,0.0,5,0
57107.0,0,1,44,159,0,120,0,0,137,7,4,4,8,8,0,1,0,0,1,0,1,47,674,1,1,416,24.470588235294116,23,2,0.4,3,0
18929.0,0,0,15,32,0,8,23,4,18,1,1,0,4,6,0,0,0,0,0,0,0,25,498,0,0,85,14.166666666666666,6,0,0.0,3,1
36038.0,1,0,82,23,0,15,0,2,7,2,3,0,3,6,0,0,0,0,0,0,0,34,394,1,1,47,6.714285714285714,8,0,0.0,5,0
20180.0,0,0,27,18,42,24,15,20,18,1,2,1,4,7,0,0,0,0,0,0,0,39,494,0,0,137,17.125,8,0,0.0,3,0
34230.0,1,1,72,15,0,4,0,0,2,1,1,0,2,7,0,0,0,0,0,0,0,50,550,2,1,21,5.25,4,0,0.0,5,1
31878.0,0,1,7,23,4,5,10,5,23,1,1,0,4,3,0,0,0,0,0,0,0,38,7,1,1,70,11.666666666666666,6,0,0.0,2,0
70932.0,0,1,57,200,193,100,46,185,185,2,6,2,12,3,0,0,0,0,0,0,0,43,161,1,1,909,43.285714285714285,22,0,0.0,2,1
91249.0,0,0,84,1324,27,119,71,108,27,0,7,9,6,4,0,1,1,1,1,0,1,59,617,0,0,1676,72.8695652173913,22,4,0.8,3,0
77598.0,0,0,53,1193,33,281,129,66,33,1,7,5,13,3,0,0,1,0,0,0,0,72,271,0,0,1735,66.73076923076923,26,1,0.2,4,0
80982.0,1,1,48,505,137,401,104,22,22,3,11,5,11,5,0,0,0,0,0,1,0,56,537,2,1,1191,42.535714285714285,30,0,0.0,3,0
22701.0,1,0,2,2,4,9,0,4,5,1,1,0,3,5,0,0,0,0,0,0,0,38,297,1,1,24,4.8,5,0,0.0,4,1
55212.0,0,1,65,1103,0,45,0,0,34,3,4,2,11,8,0,1,0,0,1,0,0,46,583,1,1,1182,65.66666666666667,20,2,0.4,5,1
70617.0,0,0,45,353,61,753,40,46,27,1,3,3,7,2,0,0,0,0,0,0,0,45,371,0,0,1280,91.42857142857143,14,0,0.0,3,1
64849.0,0,0,42,652,48,350,94,84,108,1,9,3,6,5,0,0,0,0,0,0,1,58,593,0,0,1336,70.3157894736842,19,0,0.0,3,0
62694.0,1,1,29,379,6,157,25,91,91,5,9,3,7,7,0,0,0,0,0,0,0,50,377,2,1,749,37.45,24,0,0.0,4,1
61917.0,1,1,83,46,4,36,2,2,1,1,2,0,4,5,0,0,0,0,0,0,0,41,221,2,1,91,13.0,7,0,0.0,5,1
67472.0,0,1,93,162,31,127,8,17,69,2,4,2,7,3,0,0,0,0,0,0,0,68,274,1,1,414,29.571428571428573,15,0,0.0,5,1
21059.0,1,0,40,8,3,19,3,3,8,3,3,0,3,6,0,0,0,0,0,0,0,33,173,1,1,44,6.285714285714286,9,0,0.0,4,1
29543.0,2,0,47,17,3,18,3,4,18,2,3,1,2,7,0,0,0,0,0,0,0,47,89,2,1,63,9.0,8,0,0.0,4,1
75903.0,0,1,50,340,108,185,130,38,100,2,6,6,9,3,0,0,0,0,0,0,0,64,447,1,1,901,40.95454545454545,23,0,0.0,3,1
34984.0,1,1,40,8,4,15,3,5,3,2,1,0,3,7,0,0,0,0,0,0,0,40,661,2,1,38,7.6,6,0,0.0,2,1
54998.0,0,1,3,154,22,202,39,30,8,5,4,2,9,4,0,0,0,0,0,0,1,59,476,1,1,455,28.4375,20,0,0.0,5,0
54356.0,0,1,62,710,15,30,20,0,0,3,11,2,8,8,0,0,0,0,0,0,1,66,587,1,1,775,35.22727272727273,24,0,0.0,5,0
34242.0,0,1,25,8,2,4,0,0,1,1,0,0,3,5,0,0,0,0,0,0,0,56,98,1,1,15,3.75,4,0,0.0,4,1
25410.0,1,0,48,2,2,4,13,13,4,1,1,0,4,4,0,0,0,0,0,0,0,42,302,1,1,38,6.333333333333333,6,0,0.0,3,1
73356.0,0,0,56,1050,14,322,0,14,112,1,5,11,5,2,1,0,1,1,0,0,1,31,143,0,0,1512,68.72727272727273,22,3,0.6,5,1
28320.0,0,1,68,19,1,14,3,2,4,1,1,0,3,8,0,0,0,0,0,0,0,65,531,1,1,43,8.6,5,0,0.0,3,1
23763.0,1,0,64,22,0,6,6,2,6,1,1,0,3,7,0,0,0,0,0,0,0,38,691,1,1,42,8.4,5,0,0.0,3,0
72570.0,0,0,67,274,83,216,151,141,224,1,4,6,12,1,0,0,0,0,0,0,0,31,65,0,0,1089,47.34782608695652,23,0,0.0,3,1
34529.0,1,0,94,68,6,38,3,6,41,2,2,2,3,7,0,0,0,0,0,0,0,39,653,1,1,162,20.25,9,0,0.0,4,1
70792.0,0,0,82,344,45,654,104,11,114,2,3,4,10,3,0,0,0,0,0,0,0,64,508,0,0,1272,70.66666666666667,19,0,0.0,3,0
63211.0,0,0,3,145,193,459,205,26,145,2,3,8,7,2,0,0,0,0,0,0,1,33,604,0,0,1173,61.73684210526316,20,0,0.0,3,1
83891.0,0,1,24,217,38,350,111,85,15,1,4,7,10,1,0,0,0,0,0,0,0,41,9,1,1,816,37.09090909090909,22,0,0.0,4,1
36065.0,1,1,54,18,7,34,10,2,3,3,3,0,3,8,0,0,0,0,0,0,0,47,455,2,1,74,10.571428571428571,9,0,0.0,3,0
39898.0,0,1,20,69,8,26,12,7,12,2,3,0,4,7,0,0,0,0,0,0,0,61,502,1,1,134,16.75,9,0,0.0,3,1
51141.0,0,0,96,144,0,7,0,0,6,1,3,1,4,5,0,0,0,0,0,0,0,75,356,0,0,157,17.444444444444443,9,0,0.0,5,0
56939.0,0,1,19,256,34,103,90,29,49,2,3,3,10,3,0,0,0,0,0,0,0,39,284,1,1,561,33.0,18,0,0.0,3,1
80872.0,0,0,60,483,72,567,94,12,108,1,4,4,10,1,0,0,0,0,0,0,0,64,48,0,0,1336,70.3157894736842,19,0,0.0,3,0
72335.0,0,0,2,1285,105,653,28,21,0,1,10,4,8,8,0,0,0,0,0,0,1,39,685,0,0,2092,90.95652173913044,23,0,0.0,5,1
61798.0,0,0,13,338,4,89,11,8,13,1,4,2,9,4,0,0,0,0,0,0,0,51,218,0,0,463,28.9375,16,0,0.0,5,0
76842.0,0,0,37,605,10,345,84,54,32,1,1,8,7,0,0,0,0,0,0,0,0,65,57,0,0,1130,66.47058823529412,17,0,0.0,5,0
29478.0,1,0,59,8,0,7,3,1,1,1,1,0,3,6,0,0,0,0,0,0,0,39,163,1,1,20,4.0,5,0,0.0,3,1
46998.0,0,1,55,172,41,86,45,6,27,5,5,3,5,7,1,0,0,0,0,0,0,59,615,1,1,377,26.928571428571427,18,1,0.2,3,0
94437.68000000001,0,0,60,448,71,951,40,17,17,1,6,11,10,2,0,0,1,0,0,0,1,25,432,0,0,1544,55.142857142857146,28,1,0.2,3,0
56551.0,1,1,48,67,4,32,17,2,16,3,2,1,4,4,0,0,0,0,0,0,0,65,53,2,1,138,17.25,10,0,0.0,5,0
70053.0,0,1,38,512,53,98,81,179,89,3,8,5,10,5,0,0,0,0,0,0,0,50,361,1,1,1012,42.166666666666664,26,0,0.0,4,1
71670.0,0,0,8,1462,16,128,0,0,160,1,5,3,6,6,0,1,1,0,1,0,1,53,355,0,0,1766,117.73333333333333,15,3,0.6,5,0
44359.0,1,1,19,20,0,14,7,3,1,3,2,0,4,3,0,0,0,0,0,0,0,37,12,2,1,45,6.428571428571429,9,0,0.0,3,1
40887.0,1,1,32,50,4,44,10,10,43,3,3,1,3,9,0,0,0,0,0,0,1,63,419,2,1,161,20.125,10,0,0.0,3,0
48877.0,0,1,27,102,1,15,2,0,24,1,3,0,4,7,0,0,0,0,0,0,0,49,175,1,1,144,18.0,8,0,0.0,3,0
74485.0,0,0,58,499,149,815,173,49,49,1,6,7,12,3,0,0,0,0,0,0,0,68,309,0,0,1734,66.6923076923077,26,0,0.0,3,1
64474.0,0,1,59,381,35,172,56,86,93,2,8,2,10,5,0,0,0,0,0,0,0,43,250,1,1,823,39.19047619047619,22,0,0.0,3,1
77226.0,0,1,29,631,43,239,128,76,21,2,6,8,12,3,0,0,0,0,0,0,0,52,121,1,1,1138,42.148148148148145,28,0,0.0,3,1
72643.0,0,0,60,526,80,553,123,94,53,1,3,10,7,2,0,0,0,1,0,0,1,66,487,0,0,1429,68.04761904761905,21,1,0.2,3,0
85738.0,0,0,41,913,26,376,17,26,13,1,3,6,11,1,0,1,1,0,0,0,0,37,157,0,0,1371,65.28571428571429,21,2,0.4,4,1
55686.0,0,1,27,673,0,199,37,47,26,2,6,3,5,4,1,0,0,0,0,0,0,49,500,1,1,982,65.46666666666667,16,1,0.2,3,0
39062.0,1,0,28,23,0,9,0,0,12,1,1,0,3,4,1,0,0,0,0,0,0,32,96,1,1,44,8.8,5,1,0.2,3,0
34600.0,1,1,8,199,33,60,8,3,15,5,5,2,5,8,0,0,0,0,0,0,1,44,544,2,1,318,24.46153846153846,17,0,0.0,3,1
40794.0,0,1,18,261,23,73,4,23,50,2,6,3,5,7,0,0,0,0,0,0,0,40,448,1,1,434,28.933333333333334,16,0,0.0,3,1
54690.0,1,1,76,111,16,37,7,9,18,3,3,1,5,3,0,0,0,0,0,0,0,44,234,2,1,198,19.8,12,0,0.0,2,1
4428.0,0,1,0,16,4,12,2,4,321,0,25,0,0,1,0,0,0,0,0,0,0,46,267,1,1,359,13.807692307692308,25,0,0.0,3,1
32632.0,0,0,32,63,151,137,153,19,53,2,4,4,8,5,0,0,0,0,0,0,0,52,696,0,0,576,33.88235294117647,18,0,0.0,2,1
38236.0,1,1,2,58,0,18,2,0,10,4,3,0,4,7,0,0,0,0,0,0,0,47,282,2,1,88,11.0,11,0,0.0,5,0
36781.0,1,0,16,29,1,17,0,3,13,1,2,1,2,8,0,0,0,0,0,0,1,36,80,1,1,63,10.5,6,0,0.0,3,1
31385.0,1,0,56,3,2,12,0,1,9,1,1,0,2,8,1,0,0,0,0,0,1,31,571,1,1,27,6.75,4,1,0.2,4,0
24570.0,1,0,97,28,34,62,11,14,44,3,4,0,4,9,0,0,0,0,0,0,0,31,487,1,1,193,21.444444444444443,11,0,0.0,3,1
25509.0,1,0,15,40,3,30,10,7,11,3,3,0,3,9,0,0,0,0,0,0,1,41,649,1,1,101,14.428571428571429,9,0,0.0,5,0
94437.68000000001,0,0,35,879,143,797,106,143,143,0,5,7,9,1,0,0,1,1,0,0,0,64,137,0,0,2211,100.5,21,2,0.4,3,1
58646.0,0,1,3,62,1,44,6,5,22,1,2,1,4,4,0,0,0,0,0,0,0,53,384,1,1,140,17.5,8,0,0.0,4,1
53201.0,1,1,49,280,7,81,20,0,27,8,6,3,5,7,0,0,0,0,0,0,0,40,502,2,1,415,27.666666666666668,22,0,0.0,3,0
21994.0,0,1,4,9,0,6,3,1,3,1,0,0,3,5,0,0,0,0,0,0,0,58,552,1,1,22,5.5,4,0,0.0,3,1
57113.0,1,1,45,182,4,33,0,2,42,6,4,1,5,7,0,0,0,0,0,0,0,37,508,2,1,263,23.90909090909091,16,0,0.0,3,1
51373.0,0,0,37,83,2,101,64,26,117,1,3,5,3,4,0,0,0,0,0,0,0,24,372,0,0,393,32.75,12,0,0.0,3,1
23477.0,1,0,39,38,15,54,3,8,29,3,3,0,4,8,0,0,0,0,0,0,0,29,251,1,1,147,18.375,10,0,0.0,3,1
58116.0,0,1,38,228,19,130,4,11,51,2,3,3,8,2,0,0,0,0,0,0,0,59,77,1,1,443,29.533333333333335,16,0,0.0,3,1
72968.0,0,0,8,1092,37,592,145,37,55,1,5,5,8,3,0,0,0,1,0,0,1,52,195,0,0,1958,103.05263157894737,19,1,0.2,5,0
39791.0,0,1,89,85,15,27,13,13,21,2,3,1,4,7,0,0,0,0,0,0,0,44,458,1,1,174,19.333333333333332,10,0,0.0,4,1
91712.0,0,0,47,1276,24,746,94,29,48,0,9,7,11,3,0,0,1,0,0,0,1,68,255,0,0,2217,79.17857142857143,27,1,0.2,4,0
94437.68000000001,0,1,75,1017,33,417,108,100,16,1,5,5,5,5,0,1,1,0,0,0,0,57,87,1,1,1691,105.6875,16,2,0.4,3,0
13672.0,1,1,86,6,2,9,2,1,5,2,1,0,3,8,0,0,0,0,0,0,0,55,438,2,1,25,5.0,6,0,0.0,3,1
94437.68000000001,0,0,4,448,21,125,52,101,62,0,7,6,8,2,1,0,1,1,0,0,1,35,37,0,0,809,36.77272727272727,21,3,0.6,2,1
79205.0,0,0,73,504,23,117,179,28,44,1,6,5,4,4,0,0,0,1,0,0,1,40,669,0,0,895,55.9375,16,1,0.2,3,1
56559.0,0,1,46,226,22,133,41,31,31,3,4,3,8,4,0,0,0,0,0,0,0,40,551,1,1,484,30.25,18,0,0.0,5,1
32644.0,1,0,38,239,3,141,0,7,23,4,7,1,6,8,1,0,0,0,0,0,0,42,529,1,1,413,27.533333333333335,18,1,0.2,5,1
67506.0,0,1,73,90,38,67,33,36,67,1,4,1,6,3,0,0,0,0,0,0,0,35,178,1,1,331,27.583333333333332,12,0,0.0,2,0
24206.0,1,0,66,7,2,8,3,2,3,1,1,0,3,6,0,0,0,0,0,0,0,45,478,1,1,25,5.0,5,0,0.0,3,0
28420.0,1,0,36,4,2,5,2,0,0,1,1,0,2,6,0,0,0,0,0,0,0,48,187,1,1,13,3.25,4,0,0.0,5,0
22979.0,1,0,29,16,17,19,20,21,22,3,3,2,2,8,0,0,0,0,0,0,1,45,661,1,1,115,14.375,10,0,0.0,3,1
33279.0,0,0,29,10,3,3,0,0,0,1,0,0,3,3,0,0,0,0,0,0,0,49,17,0,0,16,4.0,4,0,0.0,3,0
46423.0,1,1,6,68,0,16,0,0,8,3,2,0,4,7,0,0,0,0,0,0,0,43,284,2,1,92,13.142857142857142,9,0,0.0,4,0
30368.0,0,1,97,35,0,13,2,0,2,2,2,0,3,8,0,0,0,0,0,0,0,38,234,1,1,52,8.666666666666666,7,0,0.0,3,1
63684.0,0,1,61,575,80,428,208,93,80,3,8,4,8,5,0,0,0,0,0,0,0,45,580,1,1,1464,69.71428571428571,23,0,0.0,3,1
41638.0,0,1,68,315,0,31,4,0,91,4,5,5,3,8,1,0,0,0,0,0,0,51,501,1,1,441,31.5,17,1,0.2,3,0
68805.0,0,1,73,182,2,49,17,13,20,1,3,1,7,2,0,0,0,0,0,0,0,56,285,1,1,283,23.583333333333332,12,0,0.0,5,0
65814.0,0,1,90,561,14,113,10,14,35,3,8,2,10,5,0,0,0,0,0,0,0,49,119,1,1,747,35.57142857142857,23,0,0.0,5,1
71964.0,0,0,81,587,51,932,180,34,86,1,5,6,5,3,0,0,0,0,0,0,0,57,405,0,0,1870,110.0,17,0,0.0,3,0
39146.0,1,0,1,94,1,33,13,12,12,3,4,0,4,8,0,0,0,0,0,0,0,29,500,1,1,165,18.333333333333332,11,0,0.0,3,0
94437.68000000001,0,0,79,908,43,735,40,194,21,1,7,7,9,2,0,1,1,1,0,0,1,38,327,0,0,1941,80.875,24,3,0.6,3,1
34445.0,0,0,92,228,122,122,208,129,30,6,11,2,8,9,0,0,0,0,0,0,0,34,518,0,0,839,38.13636363636363,27,0,0.0,1,1
68281.0,0,0,31,995,112,417,42,48,41,1,2,9,13,5,0,0,0,0,0,0,1,57,691,0,0,1655,66.2,25,0,0.0,3,0
37284.0,1,1,46,11,1,2,2,1,6,1,0,0,3,6,0,0,0,0,0,0,0,40,457,2,1,23,5.75,4,0,0.0,2,1
36790.0,0,0,14,3,3,14,15,21,10,1,2,1,2,9,0,0,0,0,0,0,1,32,485,0,0,66,11.0,6,0,0.0,3,1
27943.0,1,1,89,12,1,16,4,1,3,3,2,0,3,8,0,0,0,0,0,0,0,48,440,2,1,37,6.166666666666667,8,0,0.0,3,1
22263.0,1,1,31,17,0,2,0,0,2,2,1,0,3,6,0,0,0,0,0,1,0,64,91,2,1,21,4.2,6,0,0.0,3,0
30261.0,1,2,75,8,0,5,0,3,6,1,0,0,3,8,0,0,0,0,0,0,0,43,642,3,1,22,5.5,4,0,0.0,3,1
28587.0,1,0,42,22,4,17,12,10,13,3,2,0,4,6,0,0,0,0,0,0,0,37,137,1,1,78,11.142857142857142,9,0,0.0,3,1
43815.0,1,0,53,14,10,29,4,7,15,1,2,0,3,6,0,0,0,0,0,0,0,33,450,1,1,79,13.166666666666666,6,0,0.0,4,1
48195.0,1,1,53,106,27,68,52,7,5,6,4,2,5,6,0,0,0,0,0,0,0,59,159,2,1,265,22.083333333333332,17,0,0.0,3,1
77027.0,0,1,23,820,57,242,45,0,11,2,8,3,6,4,0,0,0,0,0,0,0,63,144,1,1,1175,65.27777777777777,19,0,0.0,4,1
71322.0,0,1,57,753,43,226,69,10,204,2,8,5,13,4,0,0,0,0,0,0,0,50,498,1,1,1305,48.333333333333336,28,0,0.0,5,1
32765.0,1,0,49,13,3,17,7,3,3,2,2,0,4,5,0,0,0,0,0,0,0,36,126,1,1,46,6.571428571428571,8,0,0.0,4,1
29672.0,1,1,6,9,1,3,0,4,8,1,0,0,3,6,0,0,0,0,0,0,0,50,474,2,1,25,6.25,4,0,0.0,3,1
23272.0,0,0,29,19,3,6,4,2,12,1,1,0,3,4,0,0,0,0,0,0,0,62,255,0,0,46,9.2,5,0,0.0,3,0
49912.0,0,1,5,520,8,223,32,49,42,4,10,5,7,8,1,0,0,0,0,0,1,66,660,1,1,874,38.0,26,1,0.2,4,1
7500.0,1,0,98,5,17,17,13,14,34,4,2,1,3,9,0,0,0,0,0,0,0,30,697,1,1,100,14.285714285714286,10,0,0.0,2,1
68117.0,0,1,80,618,44,215,0,17,36,2,11,8,4,6,1,0,0,0,0,0,1,68,476,1,1,930,38.75,25,1,0.2,5,0
67225.0,0,1,4,315,35,322,46,7,143,3,7,2,11,5,0,0,0,0,0,0,0,60,215,1,1,868,41.333333333333336,23,0,0.0,3,1
17649.0,1,0,70,15,1,23,0,5,1,3,3,0,3,8,0,0,0,0,0,0,0,39,229,1,1,45,6.428571428571429,9,0,0.0,3,1
55914.0,0,1,32,384,60,364,119,101,232,4,11,6,8,7,0,0,0,0,0,0,0,40,426,1,1,1260,48.46153846153846,29,0,0.0,3,1
40059.0,1,0,82,110,29,92,28,10,145,1,6,2,3,8,1,0,0,0,0,0,0,31,274,1,1,414,34.5,12,1,0.2,3,1
60905.0,0,1,27,208,17,76,36,17,38,2,3,3,7,2,0,0,0,0,0,0,0,65,206,1,1,392,28.0,15,0,0.0,3,1
75330.0,1,1,94,555,82,257,93,61,61,4,10,3,12,6,0,0,0,0,0,0,0,38,633,2,1,1109,42.65384615384615,29,0,0.0,3,1
60689.0,0,1,23,240,90,216,63,6,24,4,4,4,10,3,0,0,0,0,0,0,0,64,393,1,1,639,33.63157894736842,22,0,0.0,3,0
38680.0,1,0,97,11,0,36,15,5,12,1,2,0,3,7,0,0,0,0,0,0,0,31,458,1,1,79,13.166666666666666,6,0,0.0,3,1
61416.0,0,0,25,848,154,323,201,61,78,1,10,3,10,6,1,0,0,0,0,0,0,33,506,0,0,1665,69.375,24,1,0.2,3,1
49767.0,0,0,92,202,47,197,55,42,149,1,5,4,8,4,0,0,0,0,0,0,0,24,423,0,0,692,38.44444444444444,18,0,0.0,3,0
83273.0,1,2,98,433,89,650,16,102,102,10,4,6,9,7,0,0,0,0,0,0,0,45,642,3,1,1392,69.6,29,0,0.0,3,0
29009.0,1,0,19,6,6,15,10,5,2,2,2,0,3,6,0,0,0,0,0,0,0,34,212,1,1,44,7.333333333333333,7,0,0.0,3,1
45057.0,1,0,80,37,0,7,3,0,3,1,2,0,3,5,0,0,0,0,0,0,0,36,210,1,1,50,8.333333333333334,6,0,0.0,4,1
37150.0,1,0,80,167,37,64,49,34,116,8,4,3,6,7,0,0,0,0,0,0,0,44,656,1,1,467,33.357142857142854,21,0,0.0,3,1
43020.0,1,0,79,45,7,99,4,25,43,3,4,1,4,6,0,0,0,0,0,0,0,45,211,1,1,223,22.3,12,0,0.0,3,0
53154.0,0,1,50,129,0,21,0,1,7,1,3,1,4,4,0,0,0,0,0,0,0,56,20,1,1,158,17.555555555555557,9,0,0.0,3,1
65308.0,0,0,60,713,0,264,120,80,34,1,7,8,12,4,0,0,1,1,0,0,0,42,291,0,0,1211,43.25,28,2,0.4,3,1
76467.0,1,0,44,676,161,426,210,44,58,2,2,5,5,6,0,0,0,0,0,0,1,45,681,1,1,1575,121.15384615384616,14,0,0.0,3,0
81044.0,0,0,0,450,26,535,73,98,26,1,5,6,10,1,0,0,0,0,0,0,0,68,184,0,0,1208,54.90909090909091,22,0,0.0,2,1
32871.0,1,1,28,22,2,12,0,2,5,1,1,0,3,4,0,0,0,0,0,0,0,64,477,2,1,43,8.6,5,0,0.0,3,1
55801.0,1,1,35,367,4,51,6,4,95,6,7,2,6,7,0,0,0,1,0,0,0,40,280,2,1,527,32.9375,21,1,0.2,3,0
76320.0,0,1,49,526,35,214,69,53,35,2,6,3,4,2,0,0,0,0,0,0,0,56,7,1,1,932,66.57142857142857,15,0,0.0,3,0
36927.0,1,1,46,51,0,16,0,0,4,2,3,0,3,8,0,0,0,0,0,0,0,60,27,2,1,71,10.142857142857142,8,0,0.0,4,0
48794.0,1,1,97,25,0,11,3,0,15,1,1,0,3,4,0,0,0,0,0,0,0,62,3,2,1,54,10.8,5,0,0.0,3,1
23478.0,0,0,51,28,6,27,12,17,39,1,3,0,3,8,0,0,0,0,0,0,0,50,467,0,0,129,18.428571428571427,7,0,0.0,3,0
71128.0,1,0,80,958,159,447,20,0,31,3,2,10,12,7,0,0,0,0,0,0,0,42,631,1,1,1615,64.6,27,0,0.0,3,0
70179.0,0,1,10,532,88,168,69,44,133,3,7,3,13,5,0,0,0,0,0,0,0,39,343,1,1,1034,43.083333333333336,26,0,0.0,5,0
59462.0,0,1,29,724,17,143,0,8,196,2,9,2,12,7,0,0,0,0,0,0,0,65,540,1,1,1088,45.333333333333336,25,0,0.0,3,1
51381.5,1,1,52,375,42,48,94,66,96,7,4,10,4,3,0,0,0,0,0,0,0,46,407,2,1,721,37.94736842105263,25,0,0.0,4,1
38361.0,1,0,74,39,0,56,20,8,14,3,3,1,3,7,0,0,0,0,0,0,0,46,184,1,1,137,17.125,10,0,0.0,3,1
51381.5,1,0,82,23,0,15,0,2,7,2,3,0,3,6,0,0,0,0,0,0,0,34,394,1,1,47,6.714285714285714,8,0,0.0,5,0
70038.0,0,0,54,587,54,348,71,54,130,1,4,4,8,2,0,0,0,0,0,0,0,33,247,0,0,1244,73.17647058823529,17,0,0.0,5,1
42554.0,1,1,93,29,1,11,0,0,0,2,2,0,3,4,0,0,0,0,0,0,0,37,533,2,1,41,6.833333333333333,7,0,0.0,3,1
67445.0,0,1,63,757,80,217,29,80,11,5,9,6,12,6,0,0,0,0,0,0,0,41,686,1,1,1174,41.92857142857143,32,0,0.0,3,1
67046.0,0,1,92,544,35,133,23,151,107,2,4,5,4,2,0,0,0,0,0,0,0,64,539,1,1,993,70.92857142857143,15,0,0.0,3,0
42192.0,0,0,40,40,15,15,17,6,7,1,2,1,3,4,0,0,0,0,0,0,0,67,296,0,0,100,14.285714285714286,7,0,0.0,3,1
77610.0,0,1,70,1245,33,332,21,33,16,2,4,7,4,7,0,0,0,0,0,0,0,63,608,1,1,1680,105.0,17,0,0.0,5,1
31761.0,1,0,96,19,1,20,16,14,28,2,3,0,4,5,0,0,0,0,0,0,0,31,85,1,1,98,12.25,9,0,0.0,3,1
34350.0,1,0,81,16,3,15,2,1,11,1,1,0,3,7,0,0,0,0,0,0,0,36,253,1,1,48,9.6,5,0,0.0,3,1
54591.0,0,1,63,376,4,94,12,9,24,3,6,2,8,5,0,0,0,0,0,0,0,66,328,1,1,519,30.529411764705884,19,0,0.0,3,1
71866.0,0,1,85,184,178,178,103,39,33,1,6,3,10,3,0,0,0,0,0,0,0,59,186,1,1,715,35.75,20,0,0.0,3,1
25293.0,1,0,51,15,0,11,0,2,9,1,1,1,2,8,0,0,0,0,0,0,0,46,287,1,1,37,7.4,5,0,0.0,3,1
42000.0,0,0,23,124,83,267,85,59,35,2,5,2,11,5,0,0,0,0,0,0,1,28,535,0,0,653,34.36842105263158,20,0,0.0,5,0
69520.0,0,0,95,627,120,414,121,80,93,1,9,6,5,5,0,0,0,0,0,0,0,32,357,0,0,1455,69.28571428571429,21,0,0.0,3,1
64713.0,1,0,11,180,60,241,13,54,54,2,5,5,7,4,0,0,0,0,0,0,1,45,142,1,1,602,33.44444444444444,19,0,0.0,3,0
27889.0,1,0,42,14,0,4,0,0,8,1,1,1,2,6,0,0,0,0,0,0,0,38,359,1,1,26,5.2,5,0,0.0,4,1
22123.0,0,0,77,3,3,24,34,7,31,1,2,1,3,5,0,0,0,0,0,0,0,55,94,0,0,102,14.571428571428571,7,0,0.0,1,0
51381.5,1,1,82,71,1,16,0,0,9,4,2,1,3,8,0,0,0,0,0,0,0,44,483,2,1,97,13.857142857142858,10,0,0.0,3,1
51381.5,0,1,83,161,0,22,0,0,24,2,4,1,4,6,0,0,0,0,0,0,0,61,371,1,1,207,20.7,11,0,0.0,4,1
27803.0,1,0,40,8,26,46,38,9,49,2,3,0,4,8,0,0,0,0,0,0,0,42,672,1,1,176,22.0,9,0,0.0,3,1
51381.5,0,1,95,264,0,21,12,6,147,3,6,1,5,7,0,0,0,0,0,0,0,60,254,1,1,450,34.61538461538461,15,0,0.0,3,0
51651.0,0,1,32,293,6,23,13,6,92,4,6,2,5,8,0,0,0,0,0,0,0,55,599,1,1,433,30.928571428571427,17,0,0.0,3,1
68487.0,0,0,48,758,12,385,33,89,89,1,9,7,13,4,0,0,0,0,0,0,0,27,532,0,0,1366,45.53333333333333,30,0,0.0,3,1
51381.5,0,0,75,532,126,490,164,126,126,1,5,5,11,1,0,0,1,0,0,0,1,72,242,0,0,1564,71.0909090909091,22,1,0.2,4,0
56796.0,0,1,24,656,38,161,62,47,37,3,8,9,7,7,0,0,0,0,0,0,0,46,498,1,1,1001,40.04,27,0,0.0,3,1
87000.0,0,0,61,196,25,607,67,17,49,1,4,6,7,2,0,0,0,0,0,0,0,23,561,0,0,961,53.388888888888886,18,0,0.0,2,1
79823.0,0,1,6,835,73,380,114,73,43,1,6,9,7,2,0,1,0,0,0,0,0,56,90,1,1,1518,66.0,23,1,0.2,3,1
30828.0,1,0,16,16,11,15,2,0,12,2,1,1,4,3,0,0,0,0,0,0,0,35,268,1,1,56,8.0,8,0,0.0,3,0
34109.0,0,1,39,9,1,5,2,1,4,1,0,0,3,4,0,0,0,0,0,0,0,44,235,1,1,22,5.5,4,0,0.0,4,1
53367.0,1,1,2,229,7,140,10,3,11,7,5,1,8,7,0,0,0,0,0,0,1,41,302,2,1,400,26.666666666666668,21,0,0.0,4,0
22390.0,0,0,49,0,1,4,15,1,5,1,1,0,2,7,0,0,0,0,0,0,0,46,251,0,0,26,6.5,4,0,0.0,1,1
71322.0,0,1,31,121,24,124,24,15,42,1,4,1,7,2,0,0,0,0,0,0,0,39,58,1,1,350,26.923076923076923,13,0,0.0,3,1
79244.0,0,0,58,471,102,125,212,61,245,1,4,10,7,1,0,0,1,1,0,0,1,22,557,0,0,1216,55.27272727272727,22,2,0.4,3,0
49912.0,0,1,5,520,8,223,32,49,42,4,10,5,7,8,1,0,0,0,0,0,1,66,660,1,1,874,38.0,26,1,0.2,4,1
48699.0,1,1,90,26,1,10,2,0,1,1,1,0,3,5,0,0,0,0,0,0,0,65,404,2,1,40,8.0,5,0,0.0,5,1
80144.0,0,0,47,240,132,445,250,192,108,1,3,7,8,1,0,0,0,0,0,0,0,40,272,0,0,1367,71.94736842105263,19,0,0.0,3,1
54252.0,1,1,25,178,4,26,8,4,44,5,4,1,5,6,0,0,0,0,0,0,0,59,397,2,1,264,24.0,15,0,0.0,3,0
81929.0,1,0,60,1486,55,278,49,0,185,2,4,4,10,6,1,0,1,0,0,0,1,39,638,1,1,2053,108.05263157894737,20,2,0.4,4,1
76068.0,0,1,67,1115,12,128,33,12,76,1,2,3,4,6,0,1,0,0,1,0,0,40,577,1,1,1376,137.6,10,2,0.4,3,1
53204.0,1,1,40,29,0,8,2,0,6,1,1,0,3,4,0,0,0,0,0,0,0,39,101,2,1,45,9.0,5,0,0.0,4,1
67911.0,0,1,63,529,0,356,63,28,0,3,6,7,11,3,0,0,0,0,0,0,0,66,38,1,1,976,39.04,27,0,0.0,5,1
14796.0,1,0,1,13,3,8,7,4,16,2,1,0,3,9,0,0,0,0,0,0,1,31,650,1,1,51,10.2,6,0,0.0,2,1
78128.0,0,1,89,934,24,230,16,24,36,2,8,4,6,3,0,1,1,0,0,0,0,41,130,1,1,1264,66.52631578947368,20,2,0.4,5,1
14188.0,0,0,40,2,7,11,16,12,27,1,2,0,4,6,0,0,0,0,0,0,0,43,486,0,0,75,10.714285714285714,7,0,0.0,1,1
20425.0,1,0,5,4,12,5,3,16,17,2,2,0,3,7,0,0,0,0,0,0,0,29,608,1,1,57,9.5,7,0,0.0,1,1
58646.0,0,1,3,62,1,44,6,5,22,1,2,1,4,4,0,0,0,0,0,0,0,53,384,1,1,140,17.5,8,0,0.0,4,1
72967.0,0,1,1,158,35,179,0,0,125,2,7,2,8,5,1,0,0,0,0,0,1,45,561,1,1,497,27.61111111111111,19,1,0.2,3,0
48150.0,0,1,24,173,2,39,3,2,47,3,5,1,4,7,0,0,0,0,0,0,0,66,386,1,1,266,24.181818181818183,13,0,0.0,4,1
82332.0,0,0,89,830,59,968,51,79,19,1,5,3,12,2,0,0,1,0,0,0,1,54,650,0,0,2006,95.52380952380952,21,1,0.2,3,0
58275.0,1,1,48,189,10,253,56,43,64,6,8,2,7,7,0,0,0,0,0,0,0,60,392,2,1,615,34.166666666666664,23,0,0.0,3,0
44953.0,0,0,31,728,17,133,11,8,124,1,7,3,13,6,1,0,0,0,0,0,0,34,555,0,0,1021,42.541666666666664,24,1,0.2,5,1
34587.0,1,1,68,7,2,9,2,0,2,2,1,0,3,4,0,0,0,0,0,0,0,62,44,2,1,22,4.4,6,0,0.0,3,1
43018.0,0,1,46,35,4,17,7,6,64,1,2,2,2,5,0,0,0,0,0,0,0,41,240,1,1,133,19.0,7,0,0.0,4,1
45736.0,0,1,92,188,3,180,20,3,43,5,7,1,6,7,0,0,0,0,0,0,0,61,340,1,1,437,29.133333333333333,19,0,0.0,4,1
66476.0,0,1,80,742,28,152,25,9,57,2,6,8,10,4,0,0,0,0,0,0,0,46,207,1,1,1013,40.52,26,0,0.0,4,1
27733.0,1,0,16,0,7,5,26,2,17,2,2,0,3,7,0,0,0,0,0,0,0,34,307,1,1,57,9.5,7,0,0.0,2,1
69805.0,0,1,50,750,71,174,13,10,20,2,6,8,11,2,0,0,0,0,0,0,0,63,159,1,1,1038,39.92307692307692,27,0,0.0,5,1
72217.0,0,0,93,816,42,450,55,56,154,1,3,10,8,2,0,0,0,0,0,0,0,53,445,0,0,1573,71.5,22,0,0.0,4,0
25818.0,1,0,51,5,2,8,2,2,9,1,0,1,2,7,0,0,0,0,0,0,0,44,619,1,1,28,7.0,4,0,0.0,3,0
37509.0,1,0,24,37,5,56,12,8,5,2,3,0,4,7,0,0,0,0,0,0,0,39,655,1,1,123,15.375,9,0,0.0,4,1
25176.0,1,1,79,4,0,4,0,0,5,1,1,0,2,7,0,0,0,0,0,0,0,39,323,2,1,13,3.25,4,0,0.0,2,1
43586.0,0,1,26,99,2,11,4,0,16,3,3,0,4,8,0,0,0,0,0,0,0,35,668,1,1,132,16.5,10,0,0.0,3,1
53230.0,0,1,86,176,72,98,136,21,229,4,5,2,12,5,0,0,0,0,0,0,0,59,695,1,1,732,36.6,23,0,0.0,2,1
50116.0,1,1,68,54,0,10,0,0,2,2,1,0,4,5,0,1,0,0,0,0,0,58,9,2,1,66,11.0,7,1,0.2,3,1
84906.0,0,0,98,997,15,414,99,30,76,1,5,6,12,2,0,1,1,0,1,0,0,43,268,0,0,1631,67.95833333333333,24,3,0.6,3,1
61286.0,0,1,34,356,0,107,19,9,117,2,7,1,8,5,0,0,0,0,0,0,0,49,331,1,1,608,35.76470588235294,18,0,0.0,3,1
82333.0,0,0,60,1311,0,359,46,89,17,1,4,3,10,2,0,0,1,0,0,0,1,29,456,0,0,1822,101.22222222222223,18,1,0.2,5,1
65220.0,0,0,3,890,63,292,0,25,12,4,8,4,7,6,0,0,0,0,0,0,1,50,664,0,0,1282,64.1,23,0,0.0,5,1
33590.0,2,1,65,4,0,2,0,0,2,1,1,0,2,7,0,0,0,0,0,0,0,41,238,3,1,8,2.0,4,0,0.0,3,1
30992.0,1,0,83,17,0,14,7,3,2,1,1,0,3,7,0,0,0,0,0,0,0,39,433,1,1,43,8.6,5,0,0.0,3,0
72309.0,0,0,64,960,0,883,50,38,0,1,5,6,8,3,0,0,0,1,0,0,1,39,475,0,0,1931,96.55,20,1,0.2,4,0
94437.68000000001,0,0,85,2,1,2,1,1,1,0,0,0,0,0,0,0,0,0,0,0,0,66,304,0,0,8,8.0,0,0,0.0,5,1
16005.0,1,0,69,1,3,2,20,30,47,3,2,1,2,8,0,0,0,0,0,0,0,35,684,1,1,103,17.166666666666668,8,0,0.0,1,1
65487.0,0,0,48,240,67,500,199,0,163,3,3,5,6,2,0,0,0,0,0,0,0,58,170,0,0,1169,77.93333333333334,17,0,0.0,4,0
58692.0,0,1,21,301,11,61,4,7,11,1,8,2,4,7,0,0,0,0,0,0,0,50,84,1,1,395,26.333333333333332,15,0,0.0,3,1
40590.0,1,1,30,154,0,50,6,11,37,5,3,4,3,6,1,0,0,0,0,0,0,46,270,2,1,258,23.454545454545453,15,1,0.2,3,0
20587.0,1,0,39,2,3,6,4,1,9,1,1,1,2,7,0,0,0,0,0,0,0,45,49,1,1,25,5.0,5,0,0.0,3,0
62637.0,0,1,76,104,12,48,4,12,5,1,2,2,5,2,0,0,0,0,0,0,0,61,120,1,1,185,18.5,10,0,0.0,4,0
29435.0,1,1,11,70,3,37,4,2,64,4,3,2,2,9,0,0,0,0,0,0,1,49,692,2,1,180,22.5,11,0,0.0,4,0
19346.0,1,0,26,2,0,9,3,6,2,1,1,0,3,8,0,0,0,0,0,0,0,41,150,1,1,22,4.4,5,0,0.0,3,0
35788.0,1,1,34,23,2,11,3,1,4,2,2,0,3,6,0,0,0,0,0,0,0,44,157,2,1,44,7.333333333333333,7,0,0.0,3,1
36997.0,1,1,72,43,4,12,8,0,27,5,2,1,4,5,0,0,0,0,0,0,0,47,513,2,1,94,11.75,12,0,0.0,3,0
23539.0,0,0,13,4,24,11,16,1,25,1,2,0,4,6,0,0,0,0,0,0,0,58,121,0,0,81,11.571428571428571,7,0,0.0,3,1
65333.0,0,1,58,654,7,92,0,15,30,7,9,4,8,6,0,1,1,0,0,0,0,42,163,1,1,798,36.27272727272727,28,2,0.4,3,0
78499.0,0,0,12,912,72,170,47,36,97,1,11,3,4,4,0,0,1,0,0,0,1,58,218,0,0,1334,70.21052631578948,19,1,0.2,3,0
29732.0,1,0,23,25,0,8,0,1,4,1,2,0,2,9,0,0,0,0,0,0,0,44,96,1,1,38,7.6,5,0,0.0,5,1
41275.0,1,2,33,24,4,22,0,2,9,4,3,1,3,5,0,0,0,0,0,0,0,55,97,3,1,61,7.625,11,0,0.0,4,1
63516.0,1,1,30,141,11,114,15,14,5,4,4,1,7,5,0,0,0,0,0,0,0,42,358,2,1,300,23.076923076923077,16,0,0.0,5,1
42769.0,0,1,15,71,0,13,3,1,0,2,1,1,4,4,0,0,0,0,0,0,0,53,260,1,1,88,12.571428571428571,8,0,0.0,5,1
49572.0,1,1,25,35,1,16,0,1,1,2,2,0,3,7,0,0,0,0,0,0,0,57,196,2,1,54,9.0,7,0,0.0,4,1
69209.0,0,0,4,496,32,849,229,48,128,2,5,3,6,4,0,0,0,1,0,0,0,43,650,0,0,1782,118.8,16,1,0.2,3,1
17148.0,1,0,80,9,9,11,13,10,16,4,3,1,3,8,0,0,0,0,0,0,0,39,152,1,1,68,8.5,11,0,0.0,3,1
40590.0,1,1,30,154,0,50,6,11,37,5,3,4,3,6,1,0,0,0,0,0,0,46,270,2,1,258,23.454545454545453,15,1,0.2,3,0
30560.0,1,0,6,9,1,5,4,5,7,1,1,0,3,7,0,0,0,0,0,0,0,39,367,1,1,31,6.2,5,0,0.0,4,1
32146.0,1,0,16,26,3,23,4,7,3,2,2,0,4,6,0,0,0,0,0,0,0,32,48,1,1,66,9.428571428571429,8,0,0.0,2,1
41713.0,1,1,57,77,8,44,10,10,25,5,3,1,4,6,0,0,0,0,0,0,0,51,61,2,1,174,19.333333333333332,13,0,0.0,2,0
34176.0,0,1,9,11,2,7,4,2,2,1,1,0,3,3,0,0,0,0,0,0,0,40,158,1,1,28,5.6,5,0,0.0,4,1
58482.0,0,1,59,576,7,115,19,7,7,2,7,4,9,6,0,1,0,0,0,0,0,60,109,1,1,731,34.80952380952381,22,1,0.2,5,1
59686.0,0,1,78,89,15,89,34,42,5,1,4,1,6,4,0,0,0,0,0,0,0,50,155,1,1,274,22.833333333333332,12,0,0.0,3,0
60896.0,0,1,90,1013,30,399,60,46,153,3,9,10,4,6,0,0,0,0,0,0,1,51,626,1,1,1701,70.875,26,0,0.0,5,1
62994.0,1,0,74,224,12,48,4,12,12,1,6,2,4,6,0,0,0,0,0,0,0,35,117,1,1,312,24.0,13,0,0.0,3,1
47320.0,0,1,10,200,19,111,50,15,19,6,5,1,8,6,0,0,0,0,0,0,0,58,332,1,1,414,27.6,20,0,0.0,3,1
74859.0,0,0,63,570,73,614,133,102,73,1,6,5,11,3,0,0,0,1,0,0,0,66,391,0,0,1565,68.04347826086956,23,1,0.2,2,0
15253.0,1,0,13,1,3,3,8,1,13,2,1,0,3,7,0,0,0,0,0,0,0,23,244,1,1,29,5.8,6,0,0.0,1,0
31560.0,1,0,98,62,1,20,4,0,7,2,2,1,3,8,0,0,0,0,0,0,0,41,370,1,1,94,13.428571428571429,8,0,0.0,5,0
72071.0,0,1,4,531,69,300,150,138,150,3,5,4,8,2,0,0,0,0,0,0,0,61,500,1,1,1338,74.33333333333333,20,0,0.0,3,0
91172.0,0,0,94,162,28,818,0,28,56,0,4,3,7,3,1,0,1,1,1,0,1,25,459,0,0,1092,72.8,14,4,0.8,4,0
90000.0,0,0,91,675,144,133,94,192,241,1,4,8,5,1,1,0,1,1,0,0,0,31,188,0,0,1479,82.16666666666667,18,3,0.6,3,1
41967.0,1,1,66,23,4,10,0,2,15,1,1,0,3,4,0,0,0,0,0,0,0,34,218,2,1,54,10.8,5,0,0.0,3,0
69263.0,0,1,14,492,5,32,13,5,21,1,9,1,7,6,0,1,0,0,0,0,0,50,116,1,1,568,31.555555555555557,18,1,0.2,3,0
65706.0,0,0,77,918,10,129,13,0,129,1,11,3,12,7,0,1,1,0,1,0,1,45,366,0,0,1199,44.407407407407405,27,3,0.6,2,0
60934.0,0,1,41,224,155,155,192,93,54,2,6,4,11,4,0,0,0,0,0,0,0,40,163,1,1,873,39.68181818181818,23,0,0.0,3,1
71965.0,0,1,21,572,19,286,50,38,248,3,6,3,5,3,0,0,0,0,0,0,0,64,335,1,1,1213,80.86666666666666,17,0,0.0,3,1
65210.0,0,1,25,626,0,70,0,7,28,2,9,3,8,6,0,1,0,1,0,0,0,60,111,1,1,731,34.80952380952381,22,2,0.4,3,1
79174.0,0,0,2,1074,37,518,193,92,129,1,5,6,7,2,0,0,1,1,0,0,1,40,534,0,0,2043,107.52631578947368,19,2,0.4,5,1
81380.0,0,0,51,741,68,689,224,68,103,1,4,2,10,2,0,0,0,0,0,0,0,48,554,0,0,1893,111.3529411764706,17,0,0.0,4,0
48432.0,0,1,3,322,3,50,4,3,42,5,7,1,6,8,0,0,0,0,0,0,0,42,619,1,1,424,28.266666666666666,19,0,0.0,5,0
52914.0,0,1,32,254,10,44,30,10,227,2,7,3,3,7,1,0,0,0,0,0,0,44,538,1,1,575,41.07142857142857,15,1,0.2,3,1
38946.0,0,1,84,116,6,82,6,6,41,2,3,1,6,5,0,0,0,0,0,0,0,60,248,1,1,257,23.363636363636363,12,0,0.0,3,1
26067.0,1,0,49,22,2,18,0,2,12,3,3,0,3,8,0,0,0,0,0,0,0,41,237,1,1,56,8.0,9,0,0.0,3,1
44325.0,0,1,69,516,0,21,0,0,5,4,8,2,7,8,0,1,0,0,0,0,0,43,479,1,1,542,30.11111111111111,21,1,0.2,5,1
42523.0,0,0,96,14,36,11,3,26,35,1,1,1,4,2,0,0,0,0,0,0,0,51,67,0,0,125,17.857142857142858,7,0,0.0,3,1
26487.0,1,0,23,2,8,10,12,14,23,3,2,1,3,5,0,0,0,0,0,0,0,37,405,1,1,69,9.857142857142858,9,0,0.0,1,0
53233.0,0,1,18,28,0,9,3,0,0,1,1,0,3,4,0,0,0,0,0,0,0,58,103,1,1,40,8.0,5,0,0.0,2,1
67716.0,0,1,8,530,142,217,62,9,56,4,7,4,13,5,0,1,0,0,0,0,0,55,535,1,1,1016,40.64,28,1,0.2,3,1
76234.0,0,1,21,519,50,167,130,0,41,1,8,3,11,3,0,1,0,0,0,0,0,43,143,1,1,907,39.43478260869565,23,1,0.2,4,1
84117.0,0,0,60,611,76,749,59,45,26,1,7,10,6,2,0,0,1,0,0,0,0,59,49,0,0,1566,65.25,24,1,0.2,5,1
65487.0,0,0,48,240,67,500,199,0,163,3,3,5,6,2,0,0,0,0,0,0,0,58,170,0,0,1169,77.93333333333334,17,0,0.0,4,1
25224.0,1,0,36,4,9,12,11,2,8,2,1,1,3,3,0,0,0,0,0,0,0,43,105,1,1,46,7.666666666666667,7,0,0.0,1,1
89616.0,0,0,36,671,47,655,145,111,15,1,7,5,12,2,0,0,0,0,0,0,1,32,489,0,0,1644,65.76,25,0,0.0,4,0
40851.0,1,1,63,23,1,7,0,4,24,1,1,1,2,7,0,0,0,0,0,0,0,44,493,2,1,59,11.8,5,0,0.0,3,0
27469.0,0,0,2,9,1,2,3,2,0,1,0,0,3,6,0,0,0,0,0,0,0,68,696,0,0,17,4.25,4,0,0.0,3,1
82347.0,0,0,38,556,54,845,202,133,63,1,7,7,10,3,1,0,0,1,0,0,1,58,600,0,0,1853,74.12,25,2,0.4,2,1
73803.0,0,1,61,833,80,363,52,26,174,2,9,5,6,6,1,0,0,0,0,0,1,58,697,1,1,1528,72.76190476190476,22,1,0.2,3,1
8820.0,1,1,52,12,0,13,4,2,4,4,3,0,3,8,0,0,0,0,0,0,0,63,464,2,1,35,5.0,10,0,0.0,4,0
43322.0,0,0,25,56,7,48,10,2,18,1,3,0,4,7,0,0,0,0,0,0,0,41,69,0,0,141,17.625,8,0,0.0,3,0
55593.0,0,1,63,293,8,124,11,4,106,2,6,6,3,6,1,0,0,0,0,0,0,42,312,1,1,546,34.125,17,1,0.2,3,1
50501.0,1,1,10,297,0,38,13,0,152,7,5,4,4,6,1,0,0,0,0,0,1,61,376,2,1,500,35.714285714285715,20,1,0.2,3,1
37085.0,1,1,65,39,1,16,2,0,3,4,3,0,3,8,0,0,0,0,0,0,0,40,3,2,1,61,8.714285714285714,10,0,0.0,3,1
16185.0,1,0,71,5,11,16,21,8,45,2,2,2,2,8,0,0,0,0,0,0,0,25,328,1,1,106,15.142857142857142,8,0,0.0,1,0
57731.0,0,1,0,266,21,300,65,8,44,4,8,8,6,6,0,0,0,0,0,0,0,46,583,1,1,704,30.608695652173914,26,0,0.0,3,0
48432.0,0,1,3,322,3,50,4,3,42,5,7,1,6,8,0,0,0,0,0,0,1,42,619,1,1,424,28.266666666666666,19,0,0.0,5,0
73807.0,0,1,88,366,124,156,71,78,54,2,5,5,11,2,0,0,0,0,0,0,0,37,543,1,1,849,38.59090909090909,23,0,0.0,3,1
18929.0,0,0,15,32,0,8,23,4,18,1,1,0,4,6,0,0,0,0,0,0,0,25,498,0,0,85,14.166666666666666,6,0,0.0,3,1
35893.0,1,1,80,158,0,23,0,0,18,6,3,1,5,8,0,0,0,0,0,0,0,47,622,2,1,199,19.9,15,0,0.0,3,0
61014.0,0,1,17,269,129,495,182,43,29,4,9,3,4,7,0,0,0,0,0,0,0,35,687,1,1,1147,67.47058823529412,20,0,0.0,3,1
32144.0,1,1,76,41,0,10,0,0,3,4,2,1,3,7,0,1,0,0,0,0,0,61,98,2,1,54,7.714285714285714,10,1,0.2,3,1
14918.0,0,1,52,3,3,3,15,4,15,1,1,0,3,6,0,0,0,0,0,0,0,52,569,1,1,43,8.6,5,0,0.0,1,1
45146.0,1,1,28,33,0,5,0,0,15,2,1,1,2,4,0,0,0,0,0,0,0,52,349,2,1,53,10.6,6,0,0.0,3,0
41769.0,0,1,31,302,29,131,32,0,27,6,8,1,7,8,0,0,0,0,0,0,0,60,501,1,1,521,30.647058823529413,22,0,0.0,2,0
88325.0,0,0,42,519,71,860,93,27,53,1,6,2,9,2,0,0,0,0,0,0,0,34,144,0,0,1623,90.16666666666667,18,0,0.0,3,1
38054.0,1,1,24,23,2,17,2,1,0,2,2,0,3,7,0,0,0,0,0,0,0,65,59,2,1,45,7.5,7,0,0.0,4,0
80617.0,0,0,42,594,51,631,72,55,32,1,4,6,8,2,0,0,0,0,0,0,0,20,625,0,0,1435,75.52631578947368,19,0,0.0,2,0
5305.0,0,1,12,12,4,7,1,3,5,0,1,0,0,13,0,0,0,0,0,0,0,39,334,1,1,32,16.0,1,0,0.0,3,1
36807.0,1,1,88,4,2,5,0,0,5,1,1,0,2,6,0,0,0,0,0,0,0,61,556,2,1,16,4.0,4,0,0.0,3,1
28427.0,1,0,67,18,3,19,3,3,6,2,2,0,3,8,0,0,0,0,0,0,0,32,465,1,1,52,8.666666666666666,7,0,0.0,3,1
82032.0,0,0,54,332,194,377,149,125,57,0,4,6,7,1,0,0,0,0,0,0,0,67,85,0,0,1234,68.55555555555556,17,0,0.0,5,0
22775.0,1,0,40,5,1,8,0,0,1,1,1,0,2,8,0,0,0,0,0,0,0,37,375,1,1,15,3.75,4,0,0.0,3,1
40101.0,1,0,73,171,3,129,26,24,62,4,6,1,6,7,0,0,0,0,0,0,0,30,623,1,1,415,29.642857142857142,17,0,0.0,4,1
58025.0,0,1,81,270,31,88,11,48,22,3,3,2,10,4,0,0,0,0,0,0,0,36,215,1,1,470,29.375,18,0,0.0,3,1
75777.0,0,0,12,712,26,538,69,13,80,1,3,6,11,1,0,1,1,0,0,0,1,33,360,0,0,1438,68.47619047619048,21,2,0.4,4,0
7500.0,1,0,7,2,8,11,3,8,21,4,3,2,2,7,0,0,0,0,0,0,0,36,418,1,1,53,6.625,11,0,0.0,2,1
33562.0,1,2,33,21,12,12,0,3,3,3,2,0,4,4,0,0,0,0,0,0,0,52,4,3,1,51,7.285714285714286,9,0,0.0,4,1
57642.0,0,1,24,580,6,58,8,0,27,3,7,6,6,4,1,0,0,0,0,0,0,45,171,1,1,679,33.95,22,1,0.2,5,0
58554.0,1,1,55,368,24,68,38,0,88,6,8,2,6,7,0,0,0,0,0,0,0,47,641,2,1,586,34.470588235294116,22,0,0.0,3,1
63777.0,1,1,87,457,5,106,15,17,53,8,11,1,6,8,0,0,0,0,0,0,0,36,462,2,1,653,34.36842105263158,26,0,0.0,3,1
57967.0,0,1,39,229,7,137,4,0,91,5,4,2,8,5,0,0,0,0,0,0,0,53,483,1,1,468,31.2,19,0,0.0,3,0
51381.5,0,0,53,32,2,1607,12,4,22,0,0,0,1,0,0,1,0,0,0,0,0,37,686,0,0,1679,839.5,1,1,0.2,2,1
24434.0,2,0,9,3,2,8,20,0,17,2,2,1,2,7,0,0,0,0,0,0,0,43,42,2,1,50,8.333333333333334,7,0,0.0,3,1
11012.0,1,0,82,24,3,26,7,1,23,3,3,1,2,9,1,0,0,0,0,0,0,31,470,1,1,84,12.0,9,1,0.2,3,0
44802.0,0,0,71,853,10,143,13,10,20,2,9,4,12,8,0,0,0,0,0,0,0,45,677,0,0,1049,40.34615384615385,27,0,0.0,4,0
26816.0,0,0,50,5,1,6,3,4,3,1,0,0,3,4,0,0,0,0,0,0,0,29,681,0,0,22,5.5,4,0,0.0,3,0
94437.68000000001,1,0,23,9,14,18,8,1,12,4,3,1,3,6,0,0,0,0,0,0,0,38,392,1,1,62,7.75,11,0,0.0,3,1
34421.0,1,0,81,3,3,7,6,2,9,1,1,0,2,7,0,0,0,0,0,0,0,41,363,1,1,30,7.5,4,0,0.0,3,1
61223.0,0,1,46,709,43,182,42,118,247,2,9,3,4,5,0,0,0,0,0,0,0,48,381,1,1,1341,78.88235294117646,18,0,0.0,3,1
64014.0,2,1,56,406,0,30,0,0,8,7,8,2,5,7,0,0,0,1,0,0,0,69,19,3,1,444,27.75,22,1,0.2,5,1
56981.0,0,0,91,908,48,217,32,12,24,1,2,3,13,6,0,1,0,0,0,0,0,34,155,0,0,1241,65.3157894736842,19,1,0.2,3,0
69245.0,0,1,8,428,30,214,80,30,61,2,6,5,10,3,0,0,0,0,0,0,0,59,156,1,1,843,38.31818181818182,23,0,0.0,4,1
52869.0,1,1,40,84,3,61,2,1,21,3,3,1,4,7,0,0,0,0,0,0,1,61,622,2,1,172,19.11111111111111,11,0,0.0,5,1
